File      ,14-00-49.CSV,,,,,,,,,
Site Name      ,HUTHL-B,,,,,,,,,
Start,12/03/2024 14:00,,,,,,,,,
Stop,13/03/2024 09:32,,,,,,,,,
Pipe Material,Cast Iron,,,,,,,,,
Pipe O.D.     ,173,mm,,,,,,,,
Wall Thickness     ,8.5,mm,,,,,,,,
Pipe Liner,None,,,,,,,,,
Liner Thickness     ,0,mm,,,,,,,,
Fluid      ,Water,,,,,,,,,
Averaging,30,s,,,,,,,,
Interval,60,s,,,,,,,,
Records,1173,,,,,,,,,
FlowMin,0,,,,,,,,,
FlowMax,11.903,,,,,,,,,
AmplitudeMin,0.036,,,,,,,,,
AmplitudeMax,0.039,,,,,,,,,
Sound SpeedMin,1441.32,,,,,,,,,
Sound SpeedMax,1443.856,,,,,,,,,
Errors,0,,,,,,,,,
Last Error,0,,,,,,,,,
                                                                                                    ,V01,5,100,2,6,8,9,07/11/2022 15:56,0,0
Date[Day/Month/Year] Time[Hour:Min:Secs],Flow[l/s],Sound Speed[m/s],+ve Totaliser[l],-ve Totaliser[l],,,,,,
12/03/2024 14:00,8.09303,1443.13,32.8067,0,,,,,,
12/03/2024 14:01,7.87945,1443.13,487.188,0,,,,,,
12/03/2024 14:02,7.6288,1443.13,942.716,0,,,,,,
12/03/2024 14:03,7.81385,1443.12,1402.42,0,,,,,,
12/03/2024 14:04,7.69379,1443.13,1867.87,0,,,,,,
12/03/2024 14:05,7.44671,1443.12,2322.22,0,,,,,,
12/03/2024 14:06,7.75885,1443.12,2779.48,0,,,,,,
12/03/2024 14:07,7.93896,1443.12,3251.53,0,,,,,,
12/03/2024 14:08,7.64112,1443.12,3716.2,0,,,,,,
12/03/2024 14:09,7.59738,1443.13,4176.07,0,,,,,,
12/03/2024 14:10,7.82954,1443.12,4633.94,0,,,,,,
12/03/2024 14:11,7.60837,1443.13,5098.87,0,,,,,,
12/03/2024 14:12,7.78032,1443.13,5568.22,0,,,,,,
12/03/2024 14:13,7.75296,1443.13,6032.39,0,,,,,,
12/03/2024 14:14,7.65218,1443.13,6494.83,0,,,,,,
12/03/2024 14:15,7.69884,1443.14,6954.35,0,,,,,,
12/03/2024 14:16,7.62117,1443.14,7416.6,0,,,,,,
12/03/2024 14:17,7.48655,1443.13,7874.34,0,,,,,,
12/03/2024 14:18,7.71192,1443.14,8331.1,0,,,,,,
12/03/2024 14:19,7.85181,1443.14,8790.12,0,,,,,,
12/03/2024 14:20,7.68468,1443.14,9252.83,0,,,,,,
12/03/2024 14:21,7.76153,1443.14,9709,0,,,,,,
12/03/2024 14:22,7.63853,1443.15,10174.5,0,,,,,,
12/03/2024 14:23,7.87857,1443.13,10631.6,0,,,,,,
12/03/2024 14:24,7.81815,1443.14,11101.1,0,,,,,,
12/03/2024 14:25,7.73668,1443.15,11557.9,0,,,,,,
12/03/2024 14:26,7.48232,1443.13,12018.5,0,,,,,,
12/03/2024 14:27,7.64244,1443.14,12477.8,0,,,,,,
12/03/2024 14:28,7.67586,1443.15,12943.6,0,,,,,,
12/03/2024 14:29,7.64742,1443.14,13399.6,0,,,,,,
12/03/2024 14:30,7.6747,1443.14,13859.9,0,,,,,,
12/03/2024 14:31,7.77007,1443.13,14328.4,0,,,,,,
12/03/2024 14:32,7.47907,1443.13,14795.2,0,,,,,,
12/03/2024 14:33,7.65312,1443.12,15250.4,0,,,,,,
12/03/2024 14:34,7.54986,1443.14,15711.4,0,,,,,,
12/03/2024 14:35,7.56791,1443.13,16172.2,0,,,,,,
12/03/2024 14:36,7.68922,1443.14,16630.2,0,,,,,,
12/03/2024 14:37,7.54424,1443.15,17084.3,0,,,,,,
12/03/2024 14:38,7.5686,1443.14,17540.4,0,,,,,,
12/03/2024 14:39,7.6373,1443.14,18001.3,0,,,,,,
12/03/2024 14:40,7.73187,1443.14,18459.5,0,,,,,,
12/03/2024 14:41,7.66958,1443.15,18918.4,0,,,,,,
12/03/2024 14:42,7.65674,1443.14,19380.1,0,,,,,,
12/03/2024 14:43,7.64131,1443.15,19837.5,0,,,,,,
12/03/2024 14:44,7.5334,1443.15,20292.1,0,,,,,,
12/03/2024 14:45,7.48078,1443.15,20741.1,0,,,,,,
12/03/2024 14:46,7.52831,1443.15,21192.4,0,,,,,,
12/03/2024 14:47,7.4722,1443.15,21647.4,0,,,,,,
12/03/2024 14:48,7.48327,1443.15,22093.2,0,,,,,,
12/03/2024 14:49,7.5122,1443.15,22544.6,0,,,,,,
12/03/2024 14:50,7.61192,1443.15,22994.5,0,,,,,,
12/03/2024 14:51,7.72751,1443.14,23454.6,0,,,,,,
12/03/2024 14:52,7.77391,1443.15,23908.3,0,,,,,,
12/03/2024 14:53,7.711,1443.16,24363.4,0,,,,,,
12/03/2024 14:54,7.60333,1443.14,24821.7,0,,,,,,
12/03/2024 14:55,7.64899,1443.16,25278.4,0,,,,,,
12/03/2024 14:56,7.69009,1443.16,25732.6,0,,,,,,
12/03/2024 14:57,8.01075,1443.15,26194,0,,,,,,
12/03/2024 14:58,7.39737,1443.16,26657.4,0,,,,,,
12/03/2024 14:59,7.142,1443.16,27107.1,0,,,,,,
12/03/2024 15:00,7.56185,1443.16,27560.4,0,,,,,,
12/03/2024 15:01,7.64784,1443.16,28019.2,0,,,,,,
12/03/2024 15:02,7.78323,1443.16,28481.9,0,,,,,,
12/03/2024 15:03,7.51489,1443.16,28936,0,,,,,,
12/03/2024 15:04,7.54629,1443.16,29398.6,0,,,,,,
12/03/2024 15:05,7.57632,1443.16,29851.3,0,,,,,,
12/03/2024 15:06,7.66571,1443.15,30311.4,0,,,,,,
12/03/2024 15:07,7.44289,1443.16,30767.8,0,,,,,,
12/03/2024 15:08,7.68581,1443.16,31225.7,0,,,,,,
12/03/2024 15:09,7.58389,1443.16,31681,0,,,,,,
12/03/2024 15:10,7.58738,1443.15,32134.4,0,,,,,,
12/03/2024 15:11,7.71989,1443.16,32592,0,,,,,,
12/03/2024 15:12,7.67656,1443.17,33051.6,0,,,,,,
12/03/2024 15:13,7.59042,1443.16,33512.4,0,,,,,,
12/03/2024 15:14,0,1443.09,33622,0,,,,,,
12/03/2024 15:15,0,1443.05,33622,0,,,,,,
12/03/2024 15:16,0,1443.02,33622,0,,,,,,
12/03/2024 15:17,0,1443.03,33622,0,,,,,,
12/03/2024 15:18,0,1443.05,33622,0,,,,,,
12/03/2024 15:19,0,1443.05,33622,0,,,,,,
12/03/2024 15:20,0,1443.05,33622,0,,,,,,
12/03/2024 15:21,0,1443.04,33622,0,,,,,,
12/03/2024 15:22,0,1443.04,33622,0,,,,,,
12/03/2024 15:23,0,1443.05,33622,0,,,,,,
12/03/2024 15:24,0,1443.03,33622,0,,,,,,
12/03/2024 15:25,0,1443.07,33622,0,,,,,,
12/03/2024 15:26,0,1443.06,33622,0,,,,,,
12/03/2024 15:27,0,1443.07,33622,0,,,,,,
12/03/2024 15:28,0,1443.04,33622,0,,,,,,
12/03/2024 15:29,0,1443.04,33622,0,,,,,,
12/03/2024 15:30,0,1443.04,33622,0,,,,,,
12/03/2024 15:31,0,1443.05,33622,0,,,,,,
12/03/2024 15:32,0,1443.06,33622,0,,,,,,
12/03/2024 15:33,0,1443.06,33622,0,,,,,,
12/03/2024 15:34,0,1443.06,33622,0,,,,,,
12/03/2024 15:35,0,1443.05,33622,0,,,,,,
12/03/2024 15:36,0,1443.03,33622,0,,,,,,
12/03/2024 15:37,0,1443.03,33622,0,,,,,,
12/03/2024 15:38,0,1443.01,33622,0,,,,,,
12/03/2024 15:39,0,1443.03,33622,0,,,,,,
12/03/2024 15:40,0,1443.03,33622,0,,,,,,
12/03/2024 15:41,0,1443.04,33622,0,,,,,,
12/03/2024 15:42,0,1443.02,33622,0,,,,,,
12/03/2024 15:43,0,1443.02,33622,0,,,,,,
12/03/2024 15:44,0,1443,33622,0,,,,,,
12/03/2024 15:45,0,1442.99,33622,0,,,,,,
12/03/2024 15:46,0,1443.01,33622,0,,,,,,
12/03/2024 15:47,0,1442.99,33622,0,,,,,,
12/03/2024 15:48,0,1442.96,33622,0,,,,,,
12/03/2024 15:49,0,1442.97,33622,0,,,,,,
12/03/2024 15:50,0,1442.94,33622,0,,,,,,
12/03/2024 15:51,0,1442.93,33622,0,,,,,,
12/03/2024 15:52,0,1442.95,33622,0,,,,,,
12/03/2024 15:53,0,1442.94,33622,0,,,,,,
12/03/2024 15:54,0,1442.92,33622,0,,,,,,
12/03/2024 15:55,0,1442.93,33622,0,,,,,,
12/03/2024 15:56,0,1442.91,33622,0,,,,,,
12/03/2024 15:57,0,1442.89,33622,0,,,,,,
12/03/2024 15:58,0,1442.91,33622,0,,,,,,
12/03/2024 15:59,0,1442.91,33622,0,,,,,,
12/03/2024 16:00,0,1442.9,33622,0,,,,,,
12/03/2024 16:01,0,1442.91,33622,0,,,,,,
12/03/2024 16:02,0,1442.9,33622,0,,,,,,
12/03/2024 16:03,0,1442.87,33622,0,,,,,,
12/03/2024 16:04,0,1442.86,33622,0,,,,,,
12/03/2024 16:05,0,1442.86,33622,0,,,,,,
12/03/2024 16:06,0,1442.86,33622,0,,,,,,
12/03/2024 16:07,0,1442.84,33622,0,,,,,,
12/03/2024 16:08,0,1442.83,33622,0,,,,,,
12/03/2024 16:09,0,1442.82,33622,0,,,,,,
12/03/2024 16:10,0,1442.81,33622,0,,,,,,
12/03/2024 16:11,0,1442.81,33622,0,,,,,,
12/03/2024 16:12,0,1442.8,33622,0,,,,,,
12/03/2024 16:13,0,1442.78,33622,0,,,,,,
12/03/2024 16:14,0,1442.77,33622,0,,,,,,
12/03/2024 16:15,0,1442.76,33622,0,,,,,,
12/03/2024 16:16,0,1442.76,33622,0,,,,,,
12/03/2024 16:17,0,1442.76,33622,0,,,,,,
12/03/2024 16:18,0,1442.75,33622,0,,,,,,
12/03/2024 16:19,0,1442.75,33622,0,,,,,,
12/03/2024 16:20,0,1442.74,33622,0,,,,,,
12/03/2024 16:21,0,1442.72,33622,0,,,,,,
12/03/2024 16:22,0,1442.71,33622,0,,,,,,
12/03/2024 16:23,0,1442.71,33622,0,,,,,,
12/03/2024 16:24,0,1442.7,33622,0,,,,,,
12/03/2024 16:25,0,1442.68,33622,0,,,,,,
12/03/2024 16:26,0,1442.67,33622,0,,,,,,
12/03/2024 16:27,0,1442.67,33622,0,,,,,,
12/03/2024 16:28,0,1442.66,33622,0,,,,,,
12/03/2024 16:29,0,1442.64,33622,0,,,,,,
12/03/2024 16:30,0,1442.65,33622,0,,,,,,
12/03/2024 16:31,0,1442.64,33622,0,,,,,,
12/03/2024 16:32,0,1442.62,33622,0,,,,,,
12/03/2024 16:33,0,1442.61,33622,0,,,,,,
12/03/2024 16:34,0,1442.59,33622,0,,,,,,
12/03/2024 16:35,0,1442.59,33622,0,,,,,,
12/03/2024 16:36,0,1442.58,33622,0,,,,,,
12/03/2024 16:37,0,1442.56,33622,0,,,,,,
12/03/2024 16:38,0,1442.56,33622,0,,,,,,
12/03/2024 16:39,0,1442.54,33622,0,,,,,,
12/03/2024 16:40,0,1442.54,33622,0,,,,,,
12/03/2024 16:41,0,1442.54,33622,0,,,,,,
12/03/2024 16:42,0,1442.52,33622,0,,,,,,
12/03/2024 16:43,0,1442.51,33622,0,,,,,,
12/03/2024 16:44,0,1442.5,33622,0,,,,,,
12/03/2024 16:45,0,1442.5,33622,0,,,,,,
12/03/2024 16:46,0,1442.49,33622,0,,,,,,
12/03/2024 16:47,0,1442.48,33622,0,,,,,,
12/03/2024 16:48,0,1442.46,33622,0,,,,,,
12/03/2024 16:49,0,1442.47,33622,0,,,,,,
12/03/2024 16:50,0,1442.44,33622,0,,,,,,
12/03/2024 16:51,0,1442.43,33622,0,,,,,,
12/03/2024 16:52,0,1442.43,33622,0,,,,,,
12/03/2024 16:53,0,1442.43,33622,0,,,,,,
12/03/2024 16:54,0,1442.41,33622,0,,,,,,
12/03/2024 16:55,0,1442.41,33622,0,,,,,,
12/03/2024 16:56,0,1442.41,33622,0,,,,,,
12/03/2024 16:57,0,1442.4,33622,0,,,,,,
12/03/2024 16:58,0,1442.39,33622,0,,,,,,
12/03/2024 16:59,0,1442.4,33622,0,,,,,,
12/03/2024 17:00,0,1442.38,33622,0,,,,,,
12/03/2024 17:01,0,1442.37,33622,0,,,,,,
12/03/2024 17:02,0,1442.35,33622,0,,,,,,
12/03/2024 17:03,0,1442.35,33622,0,,,,,,
12/03/2024 17:04,0,1442.34,33622,0,,,,,,
12/03/2024 17:05,0,1442.32,33622,0,,,,,,
12/03/2024 17:06,0,1442.32,33622,0,,,,,,
12/03/2024 17:07,0,1442.31,33622,0,,,,,,
12/03/2024 17:08,0,1442.3,33622,0,,,,,,
12/03/2024 17:09,0,1442.29,33622,0,,,,,,
12/03/2024 17:10,0,1442.29,33622,0,,,,,,
12/03/2024 17:11,0,1442.28,33622,0,,,,,,
12/03/2024 17:12,0,1442.27,33622,0,,,,,,
12/03/2024 17:13,0,1442.25,33622,0,,,,,,
12/03/2024 17:14,0,1442.23,33622,0,,,,,,
12/03/2024 17:15,0,1442.22,33622,0,,,,,,
12/03/2024 17:16,0,1442.22,33622,0,,,,,,
12/03/2024 17:17,0,1442.19,33622,0,,,,,,
12/03/2024 17:18,0,1442.2,33622,0,,,,,,
12/03/2024 17:19,0,1442.19,33622,0,,,,,,
12/03/2024 17:20,0,1442.18,33622,0,,,,,,
12/03/2024 17:21,0,1442.18,33622,0,,,,,,
12/03/2024 17:22,0,1442.16,33622,0,,,,,,
12/03/2024 17:23,0,1442.15,33622,0,,,,,,
12/03/2024 17:24,0,1442.15,33622,0,,,,,,
12/03/2024 17:25,0,1442.13,33622,0,,,,,,
12/03/2024 17:26,0,1442.12,33622,0,,,,,,
12/03/2024 17:27,0,1442.11,33622,0,,,,,,
12/03/2024 17:28,0,1442.1,33622,0,,,,,,
12/03/2024 17:29,0,1442.09,33622,0,,,,,,
12/03/2024 17:30,0,1442.09,33622,0,,,,,,
12/03/2024 17:31,0,1442.08,33622,0,,,,,,
12/03/2024 17:32,0,1442.07,33622,0,,,,,,
12/03/2024 17:33,0,1442.07,33622,0,,,,,,
12/03/2024 17:34,0,1442.05,33622,0,,,,,,
12/03/2024 17:35,0,1442.04,33622,0,,,,,,
12/03/2024 17:36,0,1442.03,33622,0,,,,,,
12/03/2024 17:37,0,1442.02,33622,0,,,,,,
12/03/2024 17:38,0,1442.02,33622,0,,,,,,
12/03/2024 17:39,0,1442.01,33622,0,,,,,,
12/03/2024 17:40,0,1442,33622,0,,,,,,
12/03/2024 17:41,0,1442,33622,0,,,,,,
12/03/2024 17:42,0,1441.99,33622,0,,,,,,
12/03/2024 17:43,0,1441.98,33622,0,,,,,,
12/03/2024 17:44,0,1441.97,33622,0,,,,,,
12/03/2024 17:45,0,1441.96,33622,0,,,,,,
12/03/2024 17:46,0,1441.96,33622,0,,,,,,
12/03/2024 17:47,0,1441.95,33622,0,,,,,,
12/03/2024 17:48,0,1441.94,33622,0,,,,,,
12/03/2024 17:49,0,1441.93,33622,0,,,,,,
12/03/2024 17:50,0,1441.93,33622,0,,,,,,
12/03/2024 17:51,0,1441.93,33622,0,,,,,,
12/03/2024 17:52,0,1441.92,33622,0,,,,,,
12/03/2024 17:53,0,1441.91,33622,0,,,,,,
12/03/2024 17:54,0,1441.9,33622,0,,,,,,
12/03/2024 17:55,0,1441.89,33622,0,,,,,,
12/03/2024 17:56,0,1441.88,33622,0,,,,,,
12/03/2024 17:57,0,1441.89,33622,0,,,,,,
12/03/2024 17:58,0,1441.88,33622,0,,,,,,
12/03/2024 17:59,0,1441.87,33622,0,,,,,,
12/03/2024 18:00,0,1441.85,33622,0,,,,,,
12/03/2024 18:01,0,1441.86,33622,0,,,,,,
12/03/2024 18:02,0,1441.84,33622,0,,,,,,
12/03/2024 18:03,0,1441.83,33622,0,,,,,,
12/03/2024 18:04,0,1441.83,33622,0,,,,,,
12/03/2024 18:05,0,1441.83,33622,0,,,,,,
12/03/2024 18:06,0,1441.83,33622,0,,,,,,
12/03/2024 18:07,0,1441.82,33622,0,,,,,,
12/03/2024 18:08,0,1441.81,33622,0,,,,,,
12/03/2024 18:09,0,1441.8,33622,0,,,,,,
12/03/2024 18:10,0,1441.79,33622,0,,,,,,
12/03/2024 18:11,0,1441.78,33622,0,,,,,,
12/03/2024 18:12,0,1441.76,33622,0,,,,,,
12/03/2024 18:13,0,1441.76,33622,0,,,,,,
12/03/2024 18:14,0,1441.74,33622,0,,,,,,
12/03/2024 18:15,0,1441.71,33622,0,,,,,,
12/03/2024 18:16,0,1441.71,33622,0,,,,,,
12/03/2024 18:17,0,1441.72,33622,0,,,,,,
12/03/2024 18:18,0,1441.72,33622,0,,,,,,
12/03/2024 18:19,0,1441.71,33622,0,,,,,,
12/03/2024 18:20,0,1441.69,33622,0,,,,,,
12/03/2024 18:21,0,1441.69,33622,0,,,,,,
12/03/2024 18:22,0,1441.68,33622,0,,,,,,
12/03/2024 18:23,0,1441.68,33622,0,,,,,,
12/03/2024 18:24,0,1441.67,33622,0,,,,,,
12/03/2024 18:25,0,1441.66,33622,0,,,,,,
12/03/2024 18:26,0,1441.65,33622,0,,,,,,
12/03/2024 18:27,0,1441.64,33622,0,,,,,,
12/03/2024 18:28,0,1441.64,33622,0,,,,,,
12/03/2024 18:29,0,1441.63,33622,0,,,,,,
12/03/2024 18:30,0,1441.62,33622,0,,,,,,
12/03/2024 18:31,0,1441.62,33622,0,,,,,,
12/03/2024 18:32,0,1441.62,33622,0,,,,,,
12/03/2024 18:33,0,1441.62,33622,0,,,,,,
12/03/2024 18:34,0,1441.61,33622,0,,,,,,
12/03/2024 18:35,0,1441.57,33622,0,,,,,,
12/03/2024 18:36,0,1441.6,33622,0,,,,,,
12/03/2024 18:37,0,1441.58,33622,0,,,,,,
12/03/2024 18:38,0,1441.56,33622,0,,,,,,
12/03/2024 18:39,0,1441.56,33622,0,,,,,,
12/03/2024 18:40,0,1441.57,33622,0,,,,,,
12/03/2024 18:41,0,1441.56,33622,0,,,,,,
12/03/2024 18:42,0,1441.54,33622,0,,,,,,
12/03/2024 18:43,0,1441.55,33622,0,,,,,,
12/03/2024 18:44,0,1441.53,33622,0,,,,,,
12/03/2024 18:45,0,1441.52,33622,0,,,,,,
12/03/2024 18:46,0,1441.53,33622,0,,,,,,
12/03/2024 18:47,0,1441.52,33622,0,,,,,,
12/03/2024 18:48,0,1441.52,33622,0,,,,,,
12/03/2024 18:49,0,1441.49,33622,0,,,,,,
12/03/2024 18:50,0,1441.5,33622,0,,,,,,
12/03/2024 18:51,0,1441.5,33622,0,,,,,,
12/03/2024 18:52,0,1441.49,33622,0,,,,,,
12/03/2024 18:53,0,1441.48,33622,0,,,,,,
12/03/2024 18:54,0,1441.48,33622,0,,,,,,
12/03/2024 18:55,0,1441.48,33622,0,,,,,,
12/03/2024 18:56,0,1441.47,33622,0,,,,,,
12/03/2024 18:57,0,1441.44,33622,0,,,,,,
12/03/2024 18:58,0,1441.46,33622,0,,,,,,
12/03/2024 18:59,0,1441.46,33622,0,,,,,,
12/03/2024 19:00,0,1441.45,33622,0,,,,,,
12/03/2024 19:01,0,1441.43,33622,0,,,,,,
12/03/2024 19:02,0,1441.41,33622,0,,,,,,
12/03/2024 19:03,0,1441.42,33622,0,,,,,,
12/03/2024 19:04,0,1441.42,33622,0,,,,,,
12/03/2024 19:05,0,1441.42,33622,0,,,,,,
12/03/2024 19:06,0,1441.4,33622,0,,,,,,
12/03/2024 19:07,0,1441.41,33622,0,,,,,,
12/03/2024 19:08,0,1441.4,33622,0,,,,,,
12/03/2024 19:09,0,1441.41,33622,0,,,,,,
12/03/2024 19:10,0,1441.39,33622,0,,,,,,
12/03/2024 19:11,0,1441.38,33622,0,,,,,,
12/03/2024 19:12,0,1441.37,33622,0,,,,,,
12/03/2024 19:13,0,1441.38,33622,0,,,,,,
12/03/2024 19:14,0,1441.37,33622,0,,,,,,
12/03/2024 19:15,0,1441.37,33622,0,,,,,,
12/03/2024 19:16,0,1441.35,33622,0,,,,,,
12/03/2024 19:17,0,1441.34,33622,0,,,,,,
12/03/2024 19:18,0,1441.35,33622,0,,,,,,
12/03/2024 19:19,0,1441.35,33622,0,,,,,,
12/03/2024 19:20,0,1441.32,33622,0,,,,,,
12/03/2024 19:21,0,1441.33,33622,0,,,,,,
12/03/2024 19:22,0,1441.32,33622,0,,,,,,
12/03/2024 19:23,7.97209,1443.32,33955.3,0,,,,,,
12/03/2024 19:24,7.82374,1443.24,34434.6,0,,,,,,
12/03/2024 19:25,7.5999,1443.2,34898.3,0,,,,,,
12/03/2024 19:26,7.55011,1443.19,35362.8,0,,,,,,
12/03/2024 19:27,7.86182,1443.18,35818.6,0,,,,,,
12/03/2024 19:28,7.7875,1443.18,36285.2,0,,,,,,
12/03/2024 19:29,7.51703,1443.17,36741,0,,,,,,
12/03/2024 19:30,7.74041,1443.16,37204.8,0,,,,,,
12/03/2024 19:31,7.77131,1443.16,37668.9,0,,,,,,
12/03/2024 19:32,7.64682,1443.15,38127.6,0,,,,,,
12/03/2024 19:33,7.76403,1443.16,38585.7,0,,,,,,
12/03/2024 19:34,7.706,1443.15,39045.6,0,,,,,,
12/03/2024 19:35,7.70159,1443.15,39507.8,0,,,,,,
12/03/2024 19:36,7.57846,1443.16,39971.5,0,,,,,,
12/03/2024 19:37,7.71338,1443.16,40431,0,,,,,,
12/03/2024 19:38,7.58804,1443.16,40893.6,0,,,,,,
12/03/2024 19:39,7.67197,1443.16,41355.4,0,,,,,,
12/03/2024 19:40,7.73943,1443.15,41812.7,0,,,,,,
12/03/2024 19:41,7.57094,1443.15,42275.6,0,,,,,,
12/03/2024 19:42,7.70504,1443.16,42732.3,0,,,,,,
12/03/2024 19:43,7.84194,1443.15,43193.2,0,,,,,,
12/03/2024 19:44,7.61179,1443.15,43651.9,0,,,,,,
12/03/2024 19:45,7.53638,1443.15,44105,0,,,,,,
12/03/2024 19:46,7.62301,1443.15,44557.4,0,,,,,,
12/03/2024 19:47,7.59963,1443.15,45015.7,0,,,,,,
12/03/2024 19:48,7.64535,1443.16,45473.6,0,,,,,,
12/03/2024 19:49,7.76997,1443.15,45937.4,0,,,,,,
12/03/2024 19:50,7.79451,1443.15,46399.3,0,,,,,,
12/03/2024 19:51,7.62921,1443.15,46856.8,0,,,,,,
12/03/2024 19:52,7.91765,1443.14,47319.9,0,,,,,,
12/03/2024 19:53,7.72412,1443.16,47782,0,,,,,,
12/03/2024 19:54,7.82691,1443.15,48238.2,0,,,,,,
12/03/2024 19:55,7.83584,1443.14,48699.3,0,,,,,,
12/03/2024 19:56,7.60253,1443.15,49162.7,0,,,,,,
12/03/2024 19:57,7.81924,1443.15,49619.9,0,,,,,,
12/03/2024 19:58,7.57116,1443.15,50085.5,0,,,,,,
12/03/2024 19:59,7.41896,1443.16,50537,0,,,,,,
12/03/2024 20:00,7.72481,1443.14,50991.3,0,,,,,,
12/03/2024 20:01,7.72511,1443.15,51452,0,,,,,,
12/03/2024 20:02,7.66831,1443.15,51914.5,0,,,,,,
12/03/2024 20:03,7.86633,1443.14,52380.8,0,,,,,,
12/03/2024 20:04,7.56121,1443.15,52837.5,0,,,,,,
12/03/2024 20:05,7.75931,1443.15,53295,0,,,,,,
12/03/2024 20:06,7.66836,1443.16,53754.3,0,,,,,,
12/03/2024 20:07,7.42788,1443.16,54205.8,0,,,,,,
12/03/2024 20:08,7.57896,1443.16,54657.2,0,,,,,,
12/03/2024 20:09,7.67033,1443.16,55111.7,0,,,,,,
12/03/2024 20:10,7.68588,1443.15,55565,0,,,,,,
12/03/2024 20:11,7.65449,1443.16,56029.4,0,,,,,,
12/03/2024 20:12,7.6621,1443.16,56486.8,0,,,,,,
12/03/2024 20:13,7.57062,1443.15,56947.4,0,,,,,,
12/03/2024 20:14,7.52611,1443.14,57395.7,0,,,,,,
12/03/2024 20:15,7.49928,1443.14,57850.7,0,,,,,,
12/03/2024 20:16,7.56392,1443.15,58307.5,0,,,,,,
12/03/2024 20:17,7.52538,1443.15,58759.8,0,,,,,,
12/03/2024 20:18,7.51729,1443.15,59208.6,0,,,,,,
12/03/2024 20:19,7.62587,1443.15,59659.9,0,,,,,,
12/03/2024 20:20,7.85775,1443.15,60115.3,0,,,,,,
12/03/2024 20:21,7.53058,1443.15,60572.2,0,,,,,,
12/03/2024 20:22,7.4864,1443.15,61032,0,,,,,,
12/03/2024 20:23,7.84098,1443.15,61486.1,0,,,,,,
12/03/2024 20:24,7.55125,1443.15,61937.6,0,,,,,,
12/03/2024 20:25,7.59952,1443.16,62391.8,0,,,,,,
12/03/2024 20:26,7.51561,1443.15,62842.3,0,,,,,,
12/03/2024 20:27,7.65111,1443.15,63290.9,0,,,,,,
12/03/2024 20:28,7.58653,1443.15,63747.8,0,,,,,,
12/03/2024 20:29,7.47527,1443.15,64205.1,0,,,,,,
12/03/2024 20:30,7.72579,1443.14,64659.4,0,,,,,,
12/03/2024 20:31,7.48876,1443.16,65109.9,0,,,,,,
12/03/2024 20:32,7.67636,1443.15,65567,0,,,,,,
12/03/2024 20:33,7.34185,1443.15,66018,0,,,,,,
12/03/2024 20:34,7.40463,1443.16,66469,0,,,,,,
12/03/2024 20:35,7.57396,1443.14,66923.5,0,,,,,,
12/03/2024 20:36,7.47769,1443.14,67381.5,0,,,,,,
12/03/2024 20:37,7.47503,1443.15,67835.6,0,,,,,,
12/03/2024 20:38,7.52966,1443.15,68289.4,0,,,,,,
12/03/2024 20:39,7.65651,1443.15,68740.2,0,,,,,,
12/03/2024 20:40,7.58012,1443.15,69194.3,0,,,,,,
12/03/2024 20:41,7.73123,1443.16,69650.6,0,,,,,,
12/03/2024 20:42,7.36642,1443.16,70098.7,0,,,,,,
12/03/2024 20:43,7.46143,1443.16,70546.2,0,,,,,,
12/03/2024 20:44,7.50638,1443.15,70996.1,0,,,,,,
12/03/2024 20:45,7.70798,1443.16,71451.5,0,,,,,,
12/03/2024 20:46,7.52208,1443.16,71903.7,0,,,,,,
12/03/2024 20:47,7.70962,1443.15,72361.9,0,,,,,,
12/03/2024 20:48,7.59228,1443.15,72814.9,0,,,,,,
12/03/2024 20:49,7.81244,1443.15,73278.5,0,,,,,,
12/03/2024 20:50,7.68147,1443.16,73738.8,0,,,,,,
12/03/2024 20:51,7.66198,1443.15,74202.9,0,,,,,,
12/03/2024 20:52,7.55895,1443.16,74660.1,0,,,,,,
12/03/2024 20:53,7.66628,1443.16,75111.6,0,,,,,,
12/03/2024 20:54,7.5452,1443.17,75563.7,0,,,,,,
12/03/2024 20:55,7.78066,1443.17,76022.4,0,,,,,,
12/03/2024 20:56,7.70516,1443.17,76481,0,,,,,,
12/03/2024 20:57,7.71976,1443.17,76941.3,0,,,,,,
12/03/2024 20:58,7.58778,1443.17,77400,0,,,,,,
12/03/2024 20:59,7.59949,1443.16,77862,0,,,,,,
12/03/2024 21:00,7.6883,1443.16,78322.6,0,,,,,,
12/03/2024 21:01,7.43225,1443.16,78780.9,0,,,,,,
12/03/2024 21:02,7.5621,1443.16,79233.4,0,,,,,,
12/03/2024 21:03,7.64364,1443.15,79686.2,0,,,,,,
12/03/2024 21:04,7.49563,1443.16,80146.5,0,,,,,,
12/03/2024 21:05,7.48886,1443.16,80599.8,0,,,,,,
12/03/2024 21:06,7.437,1443.16,81042.9,0,,,,,,
12/03/2024 21:07,7.57848,1443.16,81492.1,0,,,,,,
12/03/2024 21:08,7.31505,1443.17,81940,0,,,,,,
12/03/2024 21:09,7.51538,1443.17,82393.7,0,,,,,,
12/03/2024 21:10,7.57735,1443.17,82853.2,0,,,,,,
12/03/2024 21:11,7.43384,1443.17,83311.6,0,,,,,,
12/03/2024 21:12,7.59174,1443.17,83765.1,0,,,,,,
12/03/2024 21:13,7.75954,1443.18,84225.8,0,,,,,,
12/03/2024 21:14,7.68558,1443.17,84682.4,0,,,,,,
12/03/2024 21:15,7.90143,1443.17,85141.2,0,,,,,,
12/03/2024 21:16,7.40724,1443.17,85599.9,0,,,,,,
12/03/2024 21:17,7.43572,1443.18,86055.1,0,,,,,,
12/03/2024 21:18,7.47089,1443.17,86505.2,0,,,,,,
12/03/2024 21:19,7.6274,1443.18,86953.2,0,,,,,,
12/03/2024 21:20,7.54865,1443.18,87412.6,0,,,,,,
12/03/2024 21:21,7.63568,1443.18,87868.5,0,,,,,,
12/03/2024 21:22,7.69666,1443.18,88330.3,0,,,,,,
12/03/2024 21:23,7.49223,1443.18,88787,0,,,,,,
12/03/2024 21:24,7.59426,1443.18,89241.9,0,,,,,,
12/03/2024 21:25,7.54718,1443.18,89698.4,0,,,,,,
12/03/2024 21:26,7.55702,1443.18,90149.5,0,,,,,,
12/03/2024 21:27,7.55497,1443.18,90602.1,0,,,,,,
12/03/2024 21:28,7.37368,1443.18,91059.8,0,,,,,,
12/03/2024 21:29,7.82256,1443.18,91519.2,0,,,,,,
12/03/2024 21:30,7.52338,1443.19,91970.4,0,,,,,,
12/03/2024 21:31,7.64597,1443.2,92427.8,0,,,,,,
12/03/2024 21:32,7.50377,1443.19,92881.8,0,,,,,,
12/03/2024 21:33,7.44379,1443.18,93337,0,,,,,,
12/03/2024 21:34,7.62461,1443.18,93794.9,0,,,,,,
12/03/2024 21:35,7.60291,1443.18,94248.4,0,,,,,,
12/03/2024 21:36,7.63867,1443.18,94697.9,0,,,,,,
12/03/2024 21:37,7.82155,1443.18,95155.2,0,,,,,,
12/03/2024 21:38,7.40444,1443.19,95608.2,0,,,,,,
12/03/2024 21:39,7.49164,1443.18,96064.7,0,,,,,,
12/03/2024 21:40,7.60907,1443.18,96517.9,0,,,,,,
12/03/2024 21:41,7.36011,1443.18,96965.8,0,,,,,,
12/03/2024 21:42,7.43793,1443.19,97418,0,,,,,,
12/03/2024 21:43,7.71362,1443.18,97873.1,0,,,,,,
12/03/2024 21:44,7.67896,1443.18,98329.5,0,,,,,,
12/03/2024 21:45,7.7558,1443.17,98798,0,,,,,,
12/03/2024 21:46,7.67156,1443.18,99257.7,0,,,,,,
12/03/2024 21:47,7.55891,1443.18,99720.1,0,,,,,,
12/03/2024 21:48,7.80566,1443.19,100177,0,,,,,,
12/03/2024 21:49,7.73959,1443.19,100635,0,,,,,,
12/03/2024 21:50,7.6603,1443.19,101093,0,,,,,,
12/03/2024 21:51,7.67569,1443.19,101554,0,,,,,,
12/03/2024 21:52,7.47369,1443.18,102009,0,,,,,,
12/03/2024 21:53,7.77943,1443.19,102471,0,,,,,,
12/03/2024 21:54,7.60007,1443.18,102937,0,,,,,,
12/03/2024 21:55,7.59098,1443.19,103401,0,,,,,,
12/03/2024 21:56,7.58573,1443.18,103856,0,,,,,,
12/03/2024 21:57,7.78445,1443.19,104312,0,,,,,,
12/03/2024 21:58,7.70365,1443.2,104770,0,,,,,,
12/03/2024 21:59,7.62253,1443.19,105230,0,,,,,,
12/03/2024 22:00,7.6848,1443.19,105685,0,,,,,,
12/03/2024 22:01,7.72712,1443.2,106143,0,,,,,,
12/03/2024 22:02,7.3501,1443.19,106596,0,,,,,,
12/03/2024 22:03,7.48439,1443.2,107045,0,,,,,,
12/03/2024 22:04,7.71508,1443.2,107495,0,,,,,,
12/03/2024 22:05,7.5559,1443.19,107953,0,,,,,,
12/03/2024 22:06,7.62404,1443.2,108404,0,,,,,,
12/03/2024 22:07,7.76748,1443.19,108856,0,,,,,,
12/03/2024 22:08,7.66193,1443.2,109310,0,,,,,,
12/03/2024 22:09,7.54539,1443.19,109770,0,,,,,,
12/03/2024 22:10,7.56574,1443.19,110224,0,,,,,,
12/03/2024 22:11,7.59924,1443.2,110679,0,,,,,,
12/03/2024 22:12,7.54027,1443.2,111134,0,,,,,,
12/03/2024 22:13,7.43384,1443.2,111589,0,,,,,,
12/03/2024 22:14,7.54647,1443.2,112043,0,,,,,,
12/03/2024 22:15,7.36372,1443.2,112497,0,,,,,,
12/03/2024 22:16,7.44106,1443.21,112955,0,,,,,,
12/03/2024 22:17,7.61354,1443.2,113409,0,,,,,,
12/03/2024 22:18,7.72784,1443.2,113864,0,,,,,,
12/03/2024 22:19,7.46235,1443.2,114319,0,,,,,,
12/03/2024 22:20,7.55792,1443.19,114771,0,,,,,,
12/03/2024 22:21,7.51289,1443.2,115222,0,,,,,,
12/03/2024 22:22,7.54383,1443.19,115676,0,,,,,,
12/03/2024 22:23,7.74457,1443.2,116133,0,,,,,,
12/03/2024 22:24,7.66018,1443.19,116589,0,,,,,,
12/03/2024 22:25,7.64385,1443.19,117041,0,,,,,,
12/03/2024 22:26,7.75411,1443.19,117504,0,,,,,,
12/03/2024 22:27,7.62502,1443.2,117963,0,,,,,,
12/03/2024 22:28,7.41708,1443.2,118416,0,,,,,,
12/03/2024 22:29,7.63778,1443.21,118870,0,,,,,,
12/03/2024 22:30,7.72342,1443.2,119329,0,,,,,,
12/03/2024 22:31,7.87045,1443.2,119788,0,,,,,,
12/03/2024 22:32,7.55534,1443.21,120244,0,,,,,,
12/03/2024 22:33,7.70816,1443.21,120696,0,,,,,,
12/03/2024 22:34,7.62968,1443.21,121153,0,,,,,,
12/03/2024 22:35,7.57057,1443.2,121605,0,,,,,,
12/03/2024 22:36,7.73698,1443.21,122061,0,,,,,,
12/03/2024 22:37,7.65834,1443.21,122522,0,,,,,,
12/03/2024 22:38,7.28641,1443.21,122968,0,,,,,,
12/03/2024 22:39,7.59043,1443.21,123417,0,,,,,,
12/03/2024 22:40,7.45922,1443.21,123873,0,,,,,,
12/03/2024 22:41,7.61073,1443.21,124325,0,,,,,,
12/03/2024 22:42,7.6762,1443.21,124786,0,,,,,,
12/03/2024 22:43,7.54559,1443.21,125240,0,,,,,,
12/03/2024 22:44,7.59667,1443.21,125693,0,,,,,,
12/03/2024 22:45,7.6631,1443.2,126149,0,,,,,,
12/03/2024 22:46,7.66026,1443.21,126603,0,,,,,,
12/03/2024 22:47,7.66536,1443.22,127056,0,,,,,,
12/03/2024 22:48,7.69132,1443.22,127517,0,,,,,,
12/03/2024 22:49,7.75161,1443.21,127971,0,,,,,,
12/03/2024 22:50,7.6739,1443.2,128427,0,,,,,,
12/03/2024 22:51,7.52848,1443.21,128883,0,,,,,,
12/03/2024 22:52,7.58784,1443.22,129334,0,,,,,,
12/03/2024 22:53,7.46724,1443.21,129790,0,,,,,,
12/03/2024 22:54,7.26407,1443.21,130240,0,,,,,,
12/03/2024 22:55,7.61546,1443.21,130696,0,,,,,,
12/03/2024 22:56,7.36777,1443.23,131147,0,,,,,,
12/03/2024 22:57,7.5917,1443.22,131600,0,,,,,,
12/03/2024 22:58,7.69475,1443.22,132057,0,,,,,,
12/03/2024 22:59,7.45503,1443.21,132512,0,,,,,,
12/03/2024 23:00,7.66563,1443.21,132967,0,,,,,,
12/03/2024 23:01,7.66037,1443.21,133424,0,,,,,,
12/03/2024 23:02,7.42263,1443.21,133878,0,,,,,,
12/03/2024 23:03,7.36167,1443.21,134332,0,,,,,,
12/03/2024 23:04,7.45575,1443.21,134787,0,,,,,,
12/03/2024 23:05,7.5358,1443.19,135241,0,,,,,,
12/03/2024 23:06,7.43897,1443.19,135694,0,,,,,,
12/03/2024 23:07,7.54933,1443.2,136149,0,,,,,,
12/03/2024 23:08,7.47669,1443.21,136600,0,,,,,,
12/03/2024 23:09,7.62374,1443.2,137051,0,,,,,,
12/03/2024 23:10,7.52004,1443.2,137509,0,,,,,,
12/03/2024 23:11,7.38089,1443.21,137961,0,,,,,,
12/03/2024 23:12,7.48804,1443.2,138414,0,,,,,,
12/03/2024 23:13,7.52504,1443.21,138869,0,,,,,,
12/03/2024 23:14,7.44842,1443.21,139324,0,,,,,,
12/03/2024 23:15,7.46161,1443.21,139775,0,,,,,,
12/03/2024 23:16,7.84132,1443.21,140232,0,,,,,,
12/03/2024 23:17,7.72694,1443.21,140686,0,,,,,,
12/03/2024 23:18,7.54031,1443.2,141140,0,,,,,,
12/03/2024 23:19,7.38067,1443.21,141596,0,,,,,,
12/03/2024 23:20,7.75499,1443.2,142054,0,,,,,,
12/03/2024 23:21,7.69238,1443.21,142511,0,,,,,,
12/03/2024 23:22,7.79863,1443.21,142964,0,,,,,,
12/03/2024 23:23,7.33015,1443.21,143418,0,,,,,,
12/03/2024 23:24,7.52008,1443.21,143867,0,,,,,,
12/03/2024 23:25,11.5422,1443.86,144466,0,,,,,,
12/03/2024 23:26,11.5888,1443.61,145159,0,,,,,,
12/03/2024 23:27,11.1894,1443.56,145838,0,,,,,,
12/03/2024 23:28,11.3918,1443.56,146514,0,,,,,,
12/03/2024 23:29,11.2152,1443.55,147192,0,,,,,,
12/03/2024 23:30,10.847,1443.54,147855,0,,,,,,
12/03/2024 23:31,11.0391,1443.53,148522,0,,,,,,
12/03/2024 23:32,11.045,1443.53,149182,0,,,,,,
12/03/2024 23:33,11.3651,1443.51,149849,0,,,,,,
12/03/2024 23:34,11.1527,1443.53,150522,0,,,,,,
12/03/2024 23:35,11.0475,1443.53,151191,0,,,,,,
12/03/2024 23:36,11.3023,1443.5,151866,0,,,,,,
12/03/2024 23:37,10.9732,1443.52,152530,0,,,,,,
12/03/2024 23:38,11.2308,1443.52,153199,0,,,,,,
12/03/2024 23:39,11.1506,1443.51,153872,0,,,,,,
12/03/2024 23:40,10.9149,1443.53,154537,0,,,,,,
12/03/2024 23:41,11.3384,1443.51,155209,0,,,,,,
12/03/2024 23:42,11.2997,1443.52,155891,0,,,,,,
12/03/2024 23:43,11.0672,1443.52,156565,0,,,,,,
12/03/2024 23:44,11.325,1443.51,157236,0,,,,,,
12/03/2024 23:45,11.0238,1443.52,157908,0,,,,,,
12/03/2024 23:46,11.2539,1443.52,158570,0,,,,,,
12/03/2024 23:47,11.0882,1443.52,159232,0,,,,,,
12/03/2024 23:48,11.3488,1443.54,159903,0,,,,,,
12/03/2024 23:49,11.149,1443.53,160574,0,,,,,,
12/03/2024 23:50,11.0807,1443.52,161238,0,,,,,,
12/03/2024 23:51,11.1373,1443.51,161900,0,,,,,,
12/03/2024 23:52,11.3274,1443.51,162576,0,,,,,,
12/03/2024 23:53,11.2843,1443.52,163254,0,,,,,,
12/03/2024 23:54,11.6426,1443.53,163934,0,,,,,,
12/03/2024 23:55,11.1476,1443.52,164607,0,,,,,,
12/03/2024 23:56,11.2096,1443.53,165285,0,,,,,,
12/03/2024 23:57,11.1554,1443.53,165954,0,,,,,,
12/03/2024 23:58,11.4493,1443.54,166628,0,,,,,,
12/03/2024 23:59,11.3831,1443.52,167309,0,,,,,,
13/03/2024 00:00,11.3324,1443.53,167981,0,,,,,,
13/03/2024 00:01,11.1224,1443.52,168652,0,,,,,,
13/03/2024 00:02,11.2299,1443.53,169319,0,,,,,,
13/03/2024 00:03,10.7676,1443.54,169982,0,,,,,,
13/03/2024 00:04,11.0668,1443.55,170643,0,,,,,,
13/03/2024 00:05,11.3046,1443.54,171313,0,,,,,,
13/03/2024 00:06,11.0071,1443.54,171984,0,,,,,,
13/03/2024 00:07,11.1946,1443.53,172651,0,,,,,,
13/03/2024 00:08,11.1421,1443.53,173321,0,,,,,,
13/03/2024 00:09,11.0713,1443.53,173986,0,,,,,,
13/03/2024 00:10,10.8544,1443.52,174647,0,,,,,,
13/03/2024 00:11,10.9901,1443.54,175304,0,,,,,,
13/03/2024 00:12,10.9918,1443.54,175964,0,,,,,,
13/03/2024 00:13,11.0826,1443.52,176628,0,,,,,,
13/03/2024 00:14,10.9092,1443.53,177294,0,,,,,,
13/03/2024 00:15,11.1581,1443.54,177959,0,,,,,,
13/03/2024 00:16,10.8978,1443.54,178615,0,,,,,,
13/03/2024 00:17,11.0315,1443.54,179279,0,,,,,,
13/03/2024 00:18,11.0341,1443.54,179941,0,,,,,,
13/03/2024 00:19,11.136,1443.53,180612,0,,,,,,
13/03/2024 00:20,11.2087,1443.53,181280,0,,,,,,
13/03/2024 00:21,11.0967,1443.54,181948,0,,,,,,
13/03/2024 00:22,11.2124,1443.53,182612,0,,,,,,
13/03/2024 00:23,11.1672,1443.54,183286,0,,,,,,
13/03/2024 00:24,11.335,1443.53,183959,0,,,,,,
13/03/2024 00:25,10.8869,1443.53,184623,0,,,,,,
13/03/2024 00:26,11.0952,1443.52,185291,0,,,,,,
13/03/2024 00:27,11.162,1443.56,185962,0,,,,,,
13/03/2024 00:28,11.3611,1443.52,186632,0,,,,,,
13/03/2024 00:29,11.4021,1443.55,187304,0,,,,,,
13/03/2024 00:30,11.0687,1443.53,187975,0,,,,,,
13/03/2024 00:31,11.4097,1443.53,188646,0,,,,,,
13/03/2024 00:32,10.9353,1443.52,189319,0,,,,,,
13/03/2024 00:33,10.8645,1443.53,189978,0,,,,,,
13/03/2024 00:34,11.0832,1443.52,190640,0,,,,,,
13/03/2024 00:35,11.0834,1443.52,191309,0,,,,,,
13/03/2024 00:36,11.129,1443.53,191970,0,,,,,,
13/03/2024 00:37,10.9085,1443.53,192630,0,,,,,,
13/03/2024 00:38,11.0624,1443.53,193289,0,,,,,,
13/03/2024 00:39,10.9086,1443.52,193951,0,,,,,,
13/03/2024 00:40,10.9532,1443.52,194617,0,,,,,,
13/03/2024 00:41,11.0588,1443.53,195275,0,,,,,,
13/03/2024 00:42,11.0289,1443.53,195942,0,,,,,,
13/03/2024 00:43,11.0735,1443.53,196608,0,,,,,,
13/03/2024 00:44,11.1218,1443.53,197277,0,,,,,,
13/03/2024 00:45,11.1815,1443.53,197944,0,,,,,,
13/03/2024 00:46,10.978,1443.53,198604,0,,,,,,
13/03/2024 00:47,11.0777,1443.52,199271,0,,,,,,
13/03/2024 00:48,11.1388,1443.52,199936,0,,,,,,
13/03/2024 00:49,11.1506,1443.52,200598,0,,,,,,
13/03/2024 00:50,11.0919,1443.53,201263,0,,,,,,
13/03/2024 00:51,11.2039,1443.53,201930,0,,,,,,
13/03/2024 00:52,11.1932,1443.53,202594,0,,,,,,
13/03/2024 00:53,7.37177,1443.24,203126,0,,,,,,
13/03/2024 00:54,7.41318,1443.23,203574,0,,,,,,
13/03/2024 00:55,7.35681,1443.23,204020,0,,,,,,
13/03/2024 00:56,7.65877,1443.22,204473,0,,,,,,
13/03/2024 00:57,7.41247,1443.23,204924,0,,,,,,
13/03/2024 00:58,7.60083,1443.22,205373,0,,,,,,
13/03/2024 00:59,7.49621,1443.22,205821,0,,,,,,
13/03/2024 01:00,7.39751,1443.22,206269,0,,,,,,
13/03/2024 01:01,7.41305,1443.24,206714,0,,,,,,
13/03/2024 01:02,7.52083,1443.22,207165,0,,,,,,
13/03/2024 01:03,7.46545,1443.23,207615,0,,,,,,
13/03/2024 01:04,7.42041,1443.23,208061,0,,,,,,
13/03/2024 01:05,7.48199,1443.23,208508,0,,,,,,
13/03/2024 01:06,7.51085,1443.23,208956,0,,,,,,
13/03/2024 01:07,7.29722,1443.23,209405,0,,,,,,
13/03/2024 01:08,7.29644,1443.23,209848,0,,,,,,
13/03/2024 01:09,7.1276,1443.23,210297,0,,,,,,
13/03/2024 01:10,7.67419,1443.23,210747,0,,,,,,
13/03/2024 01:11,7.4887,1443.23,211197,0,,,,,,
13/03/2024 01:12,7.44023,1443.22,211648,0,,,,,,
13/03/2024 01:13,7.58256,1443.23,212100,0,,,,,,
13/03/2024 01:14,7.37558,1443.22,212548,0,,,,,,
13/03/2024 01:15,7.59972,1443.22,213004,0,,,,,,
13/03/2024 01:16,7.56922,1443.22,213464,0,,,,,,
13/03/2024 01:17,7.71884,1443.23,213917,0,,,,,,
13/03/2024 01:18,7.46082,1443.23,214366,0,,,,,,
13/03/2024 01:19,7.41149,1443.22,214821,0,,,,,,
13/03/2024 01:20,7.53655,1443.22,215271,0,,,,,,
13/03/2024 01:21,7.51343,1443.22,215723,0,,,,,,
13/03/2024 01:22,7.48649,1443.23,216173,0,,,,,,
13/03/2024 01:23,7.5509,1443.22,216629,0,,,,,,
13/03/2024 01:24,7.44684,1443.23,217082,0,,,,,,
13/03/2024 01:25,7.38737,1443.22,217524,0,,,,,,
13/03/2024 01:26,7.33891,1443.22,217971,0,,,,,,
13/03/2024 01:27,7.46958,1443.22,218413,0,,,,,,
13/03/2024 01:28,7.56201,1443.21,218857,0,,,,,,
13/03/2024 01:29,7.37152,1443.23,219304,0,,,,,,
13/03/2024 01:30,7.17019,1443.22,219747,0,,,,,,
13/03/2024 01:31,7.28981,1443.22,220190,0,,,,,,
13/03/2024 01:32,7.45979,1443.21,220633,0,,,,,,
13/03/2024 01:33,7.51752,1443.21,221080,0,,,,,,
13/03/2024 01:34,7.35307,1443.22,221527,0,,,,,,
13/03/2024 01:35,7.38371,1443.21,221976,0,,,,,,
13/03/2024 01:36,7.55877,1443.22,222420,0,,,,,,
13/03/2024 01:37,7.77973,1443.21,222876,0,,,,,,
13/03/2024 01:38,7.67553,1443.22,223329,0,,,,,,
13/03/2024 01:39,7.55265,1443.21,223775,0,,,,,,
13/03/2024 01:40,7.55271,1443.22,224223,0,,,,,,
13/03/2024 01:41,7.60428,1443.2,224667,0,,,,,,
13/03/2024 01:42,7.442,1443.21,225116,0,,,,,,
13/03/2024 01:43,7.43757,1443.21,225564,0,,,,,,
13/03/2024 01:44,7.57325,1443.21,226016,0,,,,,,
13/03/2024 01:45,7.42542,1443.22,226466,0,,,,,,
13/03/2024 01:46,7.53751,1443.21,226909,0,,,,,,
13/03/2024 01:47,7.59085,1443.21,227359,0,,,,,,
13/03/2024 01:48,7.53425,1443.21,227808,0,,,,,,
13/03/2024 01:49,7.42871,1443.2,228260,0,,,,,,
13/03/2024 01:50,7.66478,1443.21,228705,0,,,,,,
13/03/2024 01:51,7.21446,1443.21,229151,0,,,,,,
13/03/2024 01:52,7.32588,1443.22,229597,0,,,,,,
13/03/2024 01:53,7.53592,1443.2,230042,0,,,,,,
13/03/2024 01:54,7.58394,1443.22,230490,0,,,,,,
13/03/2024 01:55,7.4938,1443.2,230932,0,,,,,,
13/03/2024 01:56,7.2462,1443.21,231377,0,,,,,,
13/03/2024 01:57,7.45677,1443.2,231822,0,,,,,,
13/03/2024 01:58,7.57572,1443.21,232271,0,,,,,,
13/03/2024 01:59,7.41583,1443.2,232710,0,,,,,,
13/03/2024 02:00,7.44968,1443.2,233156,0,,,,,,
13/03/2024 02:01,7.08734,1443.2,233596,0,,,,,,
13/03/2024 02:02,7.34753,1443.2,234035,0,,,,,,
13/03/2024 02:03,7.36388,1443.2,234478,0,,,,,,
13/03/2024 02:04,7.54664,1443.21,234923,0,,,,,,
13/03/2024 02:05,7.45827,1443.2,235372,0,,,,,,
13/03/2024 02:06,7.33206,1443.2,235820,0,,,,,,
13/03/2024 02:07,7.53172,1443.21,236265,0,,,,,,
13/03/2024 02:08,7.61377,1443.2,236707,0,,,,,,
13/03/2024 02:09,7.48893,1443.21,237158,0,,,,,,
13/03/2024 02:10,7.32956,1443.21,237604,0,,,,,,
13/03/2024 02:11,7.39106,1443.2,238043,0,,,,,,
13/03/2024 02:12,7.2917,1443.2,238487,0,,,,,,
13/03/2024 02:13,7.34606,1443.2,238928,0,,,,,,
13/03/2024 02:14,7.44535,1443.2,239376,0,,,,,,
13/03/2024 02:15,7.54114,1443.2,239819,0,,,,,,
13/03/2024 02:16,7.36352,1443.2,240262,0,,,,,,
13/03/2024 02:17,7.48554,1443.21,240710,0,,,,,,
13/03/2024 02:18,7.46112,1443.2,241163,0,,,,,,
13/03/2024 02:19,7.24145,1443.21,241608,0,,,,,,
13/03/2024 02:20,7.54195,1443.2,242049,0,,,,,,
13/03/2024 02:21,7.56421,1443.2,242498,0,,,,,,
13/03/2024 02:22,7.41831,1443.2,242945,0,,,,,,
13/03/2024 02:23,7.52527,1443.2,243390,0,,,,,,
13/03/2024 02:24,7.5615,1443.21,243840,0,,,,,,
13/03/2024 02:25,7.38601,1443.21,244291,0,,,,,,
13/03/2024 02:26,7.51947,1443.21,244742,0,,,,,,
13/03/2024 02:27,7.35334,1443.22,245193,0,,,,,,
13/03/2024 02:28,7.63572,1443.21,245638,0,,,,,,
13/03/2024 02:29,7.53978,1443.21,246094,0,,,,,,
13/03/2024 02:30,7.52883,1443.2,246539,0,,,,,,
13/03/2024 02:31,7.33494,1443.21,246986,0,,,,,,
13/03/2024 02:32,7.4917,1443.21,247435,0,,,,,,
13/03/2024 02:33,7.4329,1443.21,247878,0,,,,,,
13/03/2024 02:34,7.60723,1443.21,248326,0,,,,,,
13/03/2024 02:35,7.48479,1443.21,248769,0,,,,,,
13/03/2024 02:36,7.22359,1443.21,249211,0,,,,,,
13/03/2024 02:37,7.57163,1443.21,249659,0,,,,,,
13/03/2024 02:38,7.50115,1443.21,250107,0,,,,,,
13/03/2024 02:39,7.48757,1443.21,250551,0,,,,,,
13/03/2024 02:40,11.1209,1443.81,251097,0,,,,,,
13/03/2024 02:41,11.1496,1443.6,251760,0,,,,,,
13/03/2024 02:42,10.9192,1443.56,252421,0,,,,,,
13/03/2024 02:43,11.1079,1443.55,253080,0,,,,,,
13/03/2024 02:44,11.0675,1443.54,253740,0,,,,,,
13/03/2024 02:45,10.8434,1443.53,254403,0,,,,,,
13/03/2024 02:46,11.02,1443.52,255061,0,,,,,,
13/03/2024 02:47,10.9541,1443.52,255716,0,,,,,,
13/03/2024 02:48,10.7618,1443.52,256375,0,,,,,,
13/03/2024 02:49,10.9745,1443.52,257034,0,,,,,,
13/03/2024 02:50,10.8938,1443.51,257697,0,,,,,,
13/03/2024 02:51,11.1261,1443.52,258352,0,,,,,,
13/03/2024 02:52,10.7959,1443.53,259012,0,,,,,,
13/03/2024 02:53,10.9847,1443.51,259668,0,,,,,,
13/03/2024 02:54,11.0065,1443.51,260335,0,,,,,,
13/03/2024 02:55,10.8314,1443.51,260992,0,,,,,,
13/03/2024 02:56,10.8831,1443.51,261658,0,,,,,,
13/03/2024 02:57,10.9176,1443.51,262316,0,,,,,,
13/03/2024 02:58,10.9361,1443.53,262981,0,,,,,,
13/03/2024 02:59,11.0277,1443.52,263648,0,,,,,,
13/03/2024 03:00,10.8532,1443.53,264306,0,,,,,,
13/03/2024 03:01,10.7381,1443.5,264966,0,,,,,,
13/03/2024 03:02,11.2291,1443.51,265619,0,,,,,,
13/03/2024 03:03,11.1159,1443.51,266281,0,,,,,,
13/03/2024 03:04,11.144,1443.51,266946,0,,,,,,
13/03/2024 03:05,11.0575,1443.53,267608,0,,,,,,
13/03/2024 03:06,11.1469,1443.52,268269,0,,,,,,
13/03/2024 03:07,10.6676,1443.52,268932,0,,,,,,
13/03/2024 03:08,11.2041,1443.53,269591,0,,,,,,
13/03/2024 03:09,11.0876,1443.51,270256,0,,,,,,
13/03/2024 03:10,11.163,1443.52,270908,0,,,,,,
13/03/2024 03:11,11.1529,1443.52,271572,0,,,,,,
13/03/2024 03:12,10.9644,1443.52,272230,0,,,,,,
13/03/2024 03:13,10.6916,1443.52,272888,0,,,,,,
13/03/2024 03:14,11.2787,1443.52,273550,0,,,,,,
13/03/2024 03:15,11.0255,1443.51,274215,0,,,,,,
13/03/2024 03:16,10.9348,1443.52,274878,0,,,,,,
13/03/2024 03:17,11.0905,1443.51,275547,0,,,,,,
13/03/2024 03:18,11.1161,1443.52,276217,0,,,,,,
13/03/2024 03:19,11.3501,1443.51,276887,0,,,,,,
13/03/2024 03:20,11.4421,1443.51,277564,0,,,,,,
13/03/2024 03:21,10.847,1443.52,278238,0,,,,,,
13/03/2024 03:22,11.2837,1443.52,278910,0,,,,,,
13/03/2024 03:23,10.853,1443.52,279576,0,,,,,,
13/03/2024 03:24,11.0376,1443.53,280235,0,,,,,,
13/03/2024 03:25,11.1609,1443.53,280901,0,,,,,,
13/03/2024 03:26,11.049,1443.53,281570,0,,,,,,
13/03/2024 03:27,11.1243,1443.52,282236,0,,,,,,
13/03/2024 03:28,11.0775,1443.53,282902,0,,,,,,
13/03/2024 03:29,11.1402,1443.5,283573,0,,,,,,
13/03/2024 03:30,10.9527,1443.53,284235,0,,,,,,
13/03/2024 03:31,10.8831,1443.52,284900,0,,,,,,
13/03/2024 03:32,11.1155,1443.52,285563,0,,,,,,
13/03/2024 03:33,10.9184,1443.52,286224,0,,,,,,
13/03/2024 03:34,11.1775,1443.52,286887,0,,,,,,
13/03/2024 03:35,10.9982,1443.52,287543,0,,,,,,
13/03/2024 03:36,11.0542,1443.52,288206,0,,,,,,
13/03/2024 03:37,11.0356,1443.52,288869,0,,,,,,
13/03/2024 03:38,11.0344,1443.51,289530,0,,,,,,
13/03/2024 03:39,11.0878,1443.53,290195,0,,,,,,
13/03/2024 03:40,11.0755,1443.52,290856,0,,,,,,
13/03/2024 03:41,11.04,1443.52,291522,0,,,,,,
13/03/2024 03:42,11.0784,1443.53,292187,0,,,,,,
13/03/2024 03:43,10.6993,1443.53,292847,0,,,,,,
13/03/2024 03:44,10.8994,1443.52,293498,0,,,,,,
13/03/2024 03:45,10.819,1443.53,294154,0,,,,,,
13/03/2024 03:46,10.8446,1443.52,294812,0,,,,,,
13/03/2024 03:47,11.0714,1443.52,295479,0,,,,,,
13/03/2024 03:48,11.2831,1443.51,296151,0,,,,,,
13/03/2024 03:49,11.1865,1443.52,296827,0,,,,,,
13/03/2024 03:50,10.7743,1443.51,297488,0,,,,,,
13/03/2024 03:51,10.9867,1443.52,298144,0,,,,,,
13/03/2024 03:52,10.9012,1443.53,298811,0,,,,,,
13/03/2024 03:53,10.9875,1443.52,299473,0,,,,,,
13/03/2024 03:54,11.13,1443.52,300144,0,,,,,,
13/03/2024 03:55,10.9452,1443.53,300808,0,,,,,,
13/03/2024 03:56,10.8626,1443.52,301469,0,,,,,,
13/03/2024 03:57,11.0272,1443.51,302129,0,,,,,,
13/03/2024 03:58,11.151,1443.53,302784,0,,,,,,
13/03/2024 03:59,11.0442,1443.52,303448,0,,,,,,
13/03/2024 04:00,11.2242,1443.51,304119,0,,,,,,
13/03/2024 04:01,11.0749,1443.53,304785,0,,,,,,
13/03/2024 04:02,11.251,1443.52,305457,0,,,,,,
13/03/2024 04:03,10.9962,1443.52,306113,0,,,,,,
13/03/2024 04:04,11.2191,1443.51,306774,0,,,,,,
13/03/2024 04:05,10.8073,1443.52,307435,0,,,,,,
13/03/2024 04:06,11.2577,1443.52,308092,0,,,,,,
13/03/2024 04:07,10.8575,1443.51,308750,0,,,,,,
13/03/2024 04:08,11.0294,1443.53,309405,0,,,,,,
13/03/2024 04:09,11.1652,1443.52,310072,0,,,,,,
13/03/2024 04:10,11.0998,1443.53,310735,0,,,,,,
13/03/2024 04:11,11.2673,1443.52,311398,0,,,,,,
13/03/2024 04:12,11.2118,1443.51,312069,0,,,,,,
13/03/2024 04:13,11.0657,1443.51,312734,0,,,,,,
13/03/2024 04:14,11.037,1443.52,313393,0,,,,,,
13/03/2024 04:15,11.1407,1443.52,314062,0,,,,,,
13/03/2024 04:16,11.2235,1443.51,314729,0,,,,,,
13/03/2024 04:17,10.9271,1443.52,315395,0,,,,,,
13/03/2024 04:18,11.0719,1443.51,316051,0,,,,,,
13/03/2024 04:19,11.0878,1443.53,316711,0,,,,,,
13/03/2024 04:20,11.2346,1443.52,317376,0,,,,,,
13/03/2024 04:21,10.9858,1443.52,318042,0,,,,,,
13/03/2024 04:22,11.1266,1443.51,318701,0,,,,,,
13/03/2024 04:23,10.9128,1443.51,319362,0,,,,,,
13/03/2024 04:24,11.0162,1443.52,320019,0,,,,,,
13/03/2024 04:25,11.055,1443.51,320681,0,,,,,,
13/03/2024 04:26,11.043,1443.51,321347,0,,,,,,
13/03/2024 04:27,10.9245,1443.51,322002,0,,,,,,
13/03/2024 04:28,11.0517,1443.5,322658,0,,,,,,
13/03/2024 04:29,10.8996,1443.5,323325,0,,,,,,
13/03/2024 04:30,11.0684,1443.5,323990,0,,,,,,
13/03/2024 04:31,11.2275,1443.5,324654,0,,,,,,
13/03/2024 04:32,10.9587,1443.51,325313,0,,,,,,
13/03/2024 04:33,10.9134,1443.5,325978,0,,,,,,
13/03/2024 04:34,11.0619,1443.51,326640,0,,,,,,
13/03/2024 04:35,11.07,1443.5,327303,0,,,,,,
13/03/2024 04:36,11.1017,1443.5,327959,0,,,,,,
13/03/2024 04:37,11.2845,1443.51,328627,0,,,,,,
13/03/2024 04:38,11.143,1443.5,329291,0,,,,,,
13/03/2024 04:39,11.2442,1443.5,329955,0,,,,,,
13/03/2024 04:40,11.1833,1443.51,330618,0,,,,,,
13/03/2024 04:41,11.1283,1443.5,331283,0,,,,,,
13/03/2024 04:42,10.7502,1443.52,331955,0,,,,,,
13/03/2024 04:43,11.1138,1443.51,332619,0,,,,,,
13/03/2024 04:44,10.8428,1443.52,333277,0,,,,,,
13/03/2024 04:45,11.1028,1443.5,333936,0,,,,,,
13/03/2024 04:46,10.9591,1443.5,334601,0,,,,,,
13/03/2024 04:47,11.183,1443.49,335261,0,,,,,,
13/03/2024 04:48,11.0102,1443.51,335917,0,,,,,,
13/03/2024 04:49,11.0923,1443.5,336579,0,,,,,,
13/03/2024 04:50,11.0618,1443.5,337249,0,,,,,,
13/03/2024 04:51,11.1038,1443.51,337914,0,,,,,,
13/03/2024 04:52,11.0106,1443.5,338573,0,,,,,,
13/03/2024 04:53,11.2483,1443.51,339236,0,,,,,,
13/03/2024 04:54,11.2411,1443.48,339900,0,,,,,,
13/03/2024 04:55,11.1002,1443.51,340570,0,,,,,,
13/03/2024 04:56,10.9874,1443.49,341230,0,,,,,,
13/03/2024 04:57,11.0704,1443.51,341895,0,,,,,,
13/03/2024 04:58,11.0016,1443.5,342555,0,,,,,,
13/03/2024 04:59,11.1242,1443.51,343217,0,,,,,,
13/03/2024 05:00,10.9749,1443.5,343883,0,,,,,,
13/03/2024 05:01,11.0074,1443.52,344545,0,,,,,,
13/03/2024 05:02,11.0144,1443.5,345205,0,,,,,,
13/03/2024 05:03,11.2817,1443.5,345873,0,,,,,,
13/03/2024 05:04,11.1196,1443.5,346534,0,,,,,,
13/03/2024 05:05,11.143,1443.48,347200,0,,,,,,
13/03/2024 05:06,11.141,1443.48,347860,0,,,,,,
13/03/2024 05:07,11.092,1443.5,348529,0,,,,,,
13/03/2024 05:08,10.8386,1443.49,349189,0,,,,,,
13/03/2024 05:09,10.9304,1443.51,349849,0,,,,,,
13/03/2024 05:10,11.4166,1443.5,350511,0,,,,,,
13/03/2024 05:11,11.0654,1443.49,351177,0,,,,,,
13/03/2024 05:12,10.9153,1443.5,351842,0,,,,,,
13/03/2024 05:13,11.0888,1443.48,352500,0,,,,,,
13/03/2024 05:14,11.0414,1443.49,353165,0,,,,,,
13/03/2024 05:15,10.7931,1443.49,353826,0,,,,,,
13/03/2024 05:16,10.8934,1443.49,354481,0,,,,,,
13/03/2024 05:17,11.0085,1443.49,355142,0,,,,,,
13/03/2024 05:18,11.0298,1443.49,355804,0,,,,,,
13/03/2024 05:19,10.9649,1443.49,356475,0,,,,,,
13/03/2024 05:20,11.0537,1443.49,357129,0,,,,,,
13/03/2024 05:21,11.1984,1443.5,357797,0,,,,,,
13/03/2024 05:22,11.1032,1443.49,358464,0,,,,,,
13/03/2024 05:23,10.8149,1443.5,359123,0,,,,,,
13/03/2024 05:24,10.8759,1443.49,359778,0,,,,,,
13/03/2024 05:25,10.8764,1443.49,360430,0,,,,,,
13/03/2024 05:26,10.9155,1443.49,361093,0,,,,,,
13/03/2024 05:27,11.0883,1443.49,361753,0,,,,,,
13/03/2024 05:28,11.435,1443.5,362425,0,,,,,,
13/03/2024 05:29,11.1639,1443.49,363093,0,,,,,,
13/03/2024 05:30,11.2212,1443.49,363761,0,,,,,,
13/03/2024 05:31,11.1077,1443.48,364434,0,,,,,,
13/03/2024 05:32,11.3372,1443.5,365106,0,,,,,,
13/03/2024 05:33,11.2443,1443.49,365773,0,,,,,,
13/03/2024 05:34,11.0617,1443.48,366446,0,,,,,,
13/03/2024 05:35,11.1898,1443.49,367111,0,,,,,,
13/03/2024 05:36,10.9568,1443.49,367776,0,,,,,,
13/03/2024 05:37,11.0159,1443.49,368434,0,,,,,,
13/03/2024 05:38,10.8571,1443.48,369098,0,,,,,,
13/03/2024 05:39,10.9738,1443.48,369762,0,,,,,,
13/03/2024 05:40,11.1705,1443.48,370436,0,,,,,,
13/03/2024 05:41,11.005,1443.48,371095,0,,,,,,
13/03/2024 05:42,11.0936,1443.48,371765,0,,,,,,
13/03/2024 05:43,11.0161,1443.5,372432,0,,,,,,
13/03/2024 05:44,11.3354,1443.49,373096,0,,,,,,
13/03/2024 05:45,11.0929,1443.48,373761,0,,,,,,
13/03/2024 05:46,11.144,1443.49,374429,0,,,,,,
13/03/2024 05:47,11.2636,1443.49,375101,0,,,,,,
13/03/2024 05:48,11.2827,1443.49,375780,0,,,,,,
13/03/2024 05:49,11.5014,1443.5,376452,0,,,,,,
13/03/2024 05:50,10.9021,1443.48,377113,0,,,,,,
13/03/2024 05:51,11.2267,1443.49,377777,0,,,,,,
13/03/2024 05:52,11.2938,1443.48,378439,0,,,,,,
13/03/2024 05:53,11.019,1443.49,379103,0,,,,,,
13/03/2024 05:54,11.2114,1443.48,379770,0,,,,,,
13/03/2024 05:55,11.0152,1443.48,380439,0,,,,,,
13/03/2024 05:56,11.1484,1443.48,381096,0,,,,,,
13/03/2024 05:57,11.0236,1443.49,381767,0,,,,,,
13/03/2024 05:58,11.244,1443.49,382444,0,,,,,,
13/03/2024 05:59,11.2296,1443.5,383113,0,,,,,,
13/03/2024 06:00,10.904,1443.48,383776,0,,,,,,
13/03/2024 06:01,10.9419,1443.48,384436,0,,,,,,
13/03/2024 06:02,11.0505,1443.47,385101,0,,,,,,
13/03/2024 06:03,11.0483,1443.49,385763,0,,,,,,
13/03/2024 06:04,11.2239,1443.48,386430,0,,,,,,
13/03/2024 06:05,10.9884,1443.47,387104,0,,,,,,
13/03/2024 06:06,11.5913,1443.46,387778,0,,,,,,
13/03/2024 06:07,11.086,1443.48,388449,0,,,,,,
13/03/2024 06:08,11.1815,1443.47,389117,0,,,,,,
13/03/2024 06:09,11.4829,1443.48,389787,0,,,,,,
13/03/2024 06:10,11.2429,1443.47,390461,0,,,,,,
13/03/2024 06:11,11.243,1443.48,391135,0,,,,,,
13/03/2024 06:12,11.2834,1443.47,391813,0,,,,,,
13/03/2024 06:13,11.2159,1443.49,392485,0,,,,,,
13/03/2024 06:14,11.5535,1443.46,393157,0,,,,,,
13/03/2024 06:15,11.3604,1443.49,393833,0,,,,,,
13/03/2024 06:16,11.3049,1443.47,394499,0,,,,,,
13/03/2024 06:17,11.1001,1443.47,395171,0,,,,,,
13/03/2024 06:18,11.1117,1443.47,395839,0,,,,,,
13/03/2024 06:19,11.1739,1443.49,396512,0,,,,,,
13/03/2024 06:20,11.3196,1443.48,397185,0,,,,,,
13/03/2024 06:21,11.38,1443.46,397855,0,,,,,,
13/03/2024 06:22,11.3488,1443.48,398535,0,,,,,,
13/03/2024 06:23,11.3859,1443.47,399217,0,,,,,,
13/03/2024 06:24,11.6584,1443.45,399909,0,,,,,,
13/03/2024 06:25,11.2809,1443.47,400598,0,,,,,,
13/03/2024 06:26,11.5364,1443.47,401285,0,,,,,,
13/03/2024 06:27,11.1884,1443.47,401969,0,,,,,,
13/03/2024 06:28,11.4867,1443.48,402651,0,,,,,,
13/03/2024 06:29,11.3661,1443.47,403336,0,,,,,,
13/03/2024 06:30,11.769,1443.47,404017,0,,,,,,
13/03/2024 06:31,11.5732,1443.46,404710,0,,,,,,
13/03/2024 06:32,11.554,1443.46,405403,0,,,,,,
13/03/2024 06:33,11.4049,1443.48,406092,0,,,,,,
13/03/2024 06:34,11.1491,1443.48,406763,0,,,,,,
13/03/2024 06:35,11.2396,1443.48,407440,0,,,,,,
13/03/2024 06:36,11.248,1443.49,408122,0,,,,,,
13/03/2024 06:37,11.2063,1443.48,408792,0,,,,,,
13/03/2024 06:38,11.5495,1443.46,409476,0,,,,,,
13/03/2024 06:39,11.5297,1443.47,410160,0,,,,,,
13/03/2024 06:40,11.2863,1443.46,410845,0,,,,,,
13/03/2024 06:41,11.1312,1443.48,411517,0,,,,,,
13/03/2024 06:42,11.2758,1443.47,412196,0,,,,,,
13/03/2024 06:43,11.3499,1443.48,412883,0,,,,,,
13/03/2024 06:44,11.5127,1443.47,413574,0,,,,,,
13/03/2024 06:45,11.7148,1443.44,414266,0,,,,,,
13/03/2024 06:46,11.4232,1443.48,414960,0,,,,,,
13/03/2024 06:47,11.1307,1443.48,415635,0,,,,,,
13/03/2024 06:48,11.7169,1443.46,416318,0,,,,,,
13/03/2024 06:49,11.5012,1443.46,417006,0,,,,,,
13/03/2024 06:50,11.6079,1443.46,417686,0,,,,,,
13/03/2024 06:51,11.3495,1443.48,418367,0,,,,,,
13/03/2024 06:52,11.1487,1443.46,419039,0,,,,,,
13/03/2024 06:53,11.2264,1443.46,419715,0,,,,,,
13/03/2024 06:54,11.4741,1443.46,420398,0,,,,,,
13/03/2024 06:55,11.4578,1443.46,421078,0,,,,,,
13/03/2024 06:56,11.481,1443.47,421755,0,,,,,,
13/03/2024 06:57,11.4455,1443.47,422433,0,,,,,,
13/03/2024 06:58,11.7714,1443.46,423118,0,,,,,,
13/03/2024 06:59,11.5903,1443.48,423814,0,,,,,,
13/03/2024 07:00,11.3251,1443.48,424493,0,,,,,,
13/03/2024 07:01,11.5778,1443.47,425177,0,,,,,,
13/03/2024 07:02,11.5269,1443.46,425869,0,,,,,,
13/03/2024 07:03,11.3198,1443.46,426554,0,,,,,,
13/03/2024 07:04,11.3946,1443.47,427241,0,,,,,,
13/03/2024 07:05,11.3854,1443.47,427927,0,,,,,,
13/03/2024 07:06,11.3637,1443.46,428612,0,,,,,,
13/03/2024 07:07,11.6094,1443.46,429296,0,,,,,,
13/03/2024 07:08,11.4515,1443.47,429975,0,,,,,,
13/03/2024 07:09,11.4448,1443.46,430653,0,,,,,,
13/03/2024 07:10,11.5291,1443.47,431340,0,,,,,,
13/03/2024 07:11,11.3684,1443.46,432025,0,,,,,,
13/03/2024 07:12,11.3722,1443.46,432706,0,,,,,,
13/03/2024 07:13,11.159,1443.46,433394,0,,,,,,
13/03/2024 07:14,11.3668,1443.46,434078,0,,,,,,
13/03/2024 07:15,11.4359,1443.47,434763,0,,,,,,
13/03/2024 07:16,11.5133,1443.47,435444,0,,,,,,
13/03/2024 07:17,11.2617,1443.45,436124,0,,,,,,
13/03/2024 07:18,11.0296,1443.46,436801,0,,,,,,
13/03/2024 07:19,11.4415,1443.45,437479,0,,,,,,
13/03/2024 07:20,11.2269,1443.44,438164,0,,,,,,
13/03/2024 07:21,11.2274,1443.45,438844,0,,,,,,
13/03/2024 07:22,11.5616,1443.46,439523,0,,,,,,
13/03/2024 07:23,11.5819,1443.44,440218,0,,,,,,
13/03/2024 07:24,11.7626,1443.45,440914,0,,,,,,
13/03/2024 07:25,11.4121,1443.47,441602,0,,,,,,
13/03/2024 07:26,11.3119,1443.47,442282,0,,,,,,
13/03/2024 07:27,11.1102,1443.46,442957,0,,,,,,
13/03/2024 07:28,11.9027,1443.44,443644,0,,,,,,
13/03/2024 07:29,11.5141,1443.46,444338,0,,,,,,
13/03/2024 07:30,11.7992,1443.44,445026,0,,,,,,
13/03/2024 07:31,11.6037,1443.45,445725,0,,,,,,
13/03/2024 07:32,11.5878,1443.45,446407,0,,,,,,
13/03/2024 07:33,11.2701,1443.45,447092,0,,,,,,
13/03/2024 07:34,11.5505,1443.45,447780,0,,,,,,
13/03/2024 07:35,11.3499,1443.45,448473,0,,,,,,
13/03/2024 07:36,11.3148,1443.45,449161,0,,,,,,
13/03/2024 07:37,11.435,1443.46,449852,0,,,,,,
13/03/2024 07:38,11.4609,1443.45,450535,0,,,,,,
13/03/2024 07:39,11.2391,1443.45,451224,0,,,,,,
13/03/2024 07:40,11.4623,1443.45,451906,0,,,,,,
13/03/2024 07:41,11.5753,1443.46,452599,0,,,,,,
13/03/2024 07:42,8.69672,1443.27,453274,0,,,,,,
13/03/2024 07:43,7.59911,1443.18,453745,0,,,,,,
13/03/2024 07:44,7.3609,1443.19,454194,0,,,,,,
13/03/2024 07:45,7.56163,1443.17,454650,0,,,,,,
13/03/2024 07:46,7.51345,1443.17,455103,0,,,,,,
13/03/2024 07:47,7.76678,1443.18,455562,0,,,,,,
13/03/2024 07:48,7.49806,1443.17,456018,0,,,,,,
13/03/2024 07:49,7.48479,1443.19,456472,0,,,,,,
13/03/2024 07:50,7.56797,1443.17,456926,0,,,,,,
13/03/2024 07:51,7.69983,1443.18,457371,0,,,,,,
13/03/2024 07:52,7.34047,1443.18,457824,0,,,,,,
13/03/2024 07:53,7.61884,1443.17,458277,0,,,,,,
13/03/2024 07:54,7.3511,1443.17,458730,0,,,,,,
13/03/2024 07:55,7.62143,1443.18,459186,0,,,,,,
13/03/2024 07:56,7.51718,1443.19,459640,0,,,,,,
13/03/2024 07:57,7.69446,1443.18,460093,0,,,,,,
13/03/2024 07:58,7.92062,1443.16,460551,0,,,,,,
13/03/2024 07:59,7.79784,1443.19,461017,0,,,,,,
13/03/2024 08:00,7.69304,1443.18,461481,0,,,,,,
13/03/2024 08:01,7.337,1443.19,461935,0,,,,,,
13/03/2024 08:02,7.5814,1443.18,462393,0,,,,,,
13/03/2024 08:03,7.7386,1443.17,462852,0,,,,,,
13/03/2024 08:04,7.65377,1443.19,463316,0,,,,,,
13/03/2024 08:05,7.63603,1443.19,463773,0,,,,,,
13/03/2024 08:06,7.80032,1443.18,464232,0,,,,,,
13/03/2024 08:07,7.56649,1443.19,464690,0,,,,,,
13/03/2024 08:08,7.63428,1443.18,465150,0,,,,,,
13/03/2024 08:09,7.21069,1443.18,465599,0,,,,,,
13/03/2024 08:10,7.40191,1443.18,466042,0,,,,,,
13/03/2024 08:11,7.5448,1443.18,466495,0,,,,,,
13/03/2024 08:12,7.70359,1443.17,466951,0,,,,,,
13/03/2024 08:13,7.58797,1443.17,467413,0,,,,,,
13/03/2024 08:14,7.38008,1443.17,467867,0,,,,,,
13/03/2024 08:15,7.34403,1443.18,468313,0,,,,,,
13/03/2024 08:16,7.60737,1443.17,468771,0,,,,,,
13/03/2024 08:17,7.56168,1443.17,469227,0,,,,,,
13/03/2024 08:18,7.52709,1443.17,469685,0,,,,,,
13/03/2024 08:19,7.69335,1443.18,470142,0,,,,,,
13/03/2024 08:20,7.76726,1443.18,470598,0,,,,,,
13/03/2024 08:21,7.51874,1443.18,471065,0,,,,,,
13/03/2024 08:22,7.70461,1443.17,471522,0,,,,,,
13/03/2024 08:23,7.39382,1443.18,471981,0,,,,,,
13/03/2024 08:24,7.8755,1443.18,472441,0,,,,,,
13/03/2024 08:25,7.36105,1443.18,472898,0,,,,,,
13/03/2024 08:26,7.58471,1443.18,473353,0,,,,,,
13/03/2024 08:27,7.55709,1443.18,473813,0,,,,,,
13/03/2024 08:28,7.48991,1443.19,474271,0,,,,,,
13/03/2024 08:29,7.68194,1443.19,474724,0,,,,,,
13/03/2024 08:30,7.85815,1443.18,475181,0,,,,,,
13/03/2024 08:31,7.57607,1443.18,475639,0,,,,,,
13/03/2024 08:32,7.82334,1443.19,476094,0,,,,,,
13/03/2024 08:33,7.71729,1443.19,476553,0,,,,,,
13/03/2024 08:34,7.81164,1443.18,477014,0,,,,,,
13/03/2024 08:35,7.61435,1443.18,477473,0,,,,,,
13/03/2024 08:36,7.45036,1443.17,477929,0,,,,,,
13/03/2024 08:37,7.81359,1443.18,478384,0,,,,,,
13/03/2024 08:38,7.71295,1443.19,478839,0,,,,,,
13/03/2024 08:39,7.73547,1443.2,479302,0,,,,,,
13/03/2024 08:40,7.83537,1443.18,479761,0,,,,,,
13/03/2024 08:41,7.49257,1443.2,480223,0,,,,,,
13/03/2024 08:42,7.62848,1443.18,480682,0,,,,,,
13/03/2024 08:43,7.565,1443.18,481138,0,,,,,,
13/03/2024 08:44,7.62925,1443.18,481597,0,,,,,,
13/03/2024 08:45,7.78982,1443.18,482062,0,,,,,,
13/03/2024 08:46,7.70366,1443.17,482523,0,,,,,,
13/03/2024 08:47,7.79472,1443.17,482986,0,,,,,,
13/03/2024 08:48,7.64564,1443.18,483447,0,,,,,,
13/03/2024 08:49,7.61912,1443.19,483905,0,,,,,,
13/03/2024 08:50,7.90623,1443.19,484362,0,,,,,,
13/03/2024 08:51,7.65067,1443.18,484820,0,,,,,,
13/03/2024 08:52,7.39721,1443.19,485274,0,,,,,,
13/03/2024 08:53,7.46782,1443.2,485728,0,,,,,,
13/03/2024 08:54,7.82647,1443.2,486177,0,,,,,,
13/03/2024 08:55,7.72527,1443.2,486629,0,,,,,,
13/03/2024 08:56,7.64906,1443.2,487089,0,,,,,,
13/03/2024 08:57,7.50822,1443.19,487545,0,,,,,,
13/03/2024 08:58,7.48083,1443.2,487991,0,,,,,,
13/03/2024 08:59,7.64433,1443.2,488444,0,,,,,,
13/03/2024 09:00,7.69788,1443.2,488899,0,,,,,,
13/03/2024 09:01,7.78994,1443.2,489358,0,,,,,,
13/03/2024 09:02,7.67486,1443.2,489816,0,,,,,,
13/03/2024 09:03,7.46648,1443.2,490275,0,,,,,,
13/03/2024 09:04,7.60623,1443.2,490725,0,,,,,,
13/03/2024 09:05,7.42896,1443.21,491178,0,,,,,,
13/03/2024 09:06,7.61755,1443.2,491634,0,,,,,,
13/03/2024 09:07,7.59719,1443.2,492091,0,,,,,,
13/03/2024 09:08,7.75252,1443.2,492549,0,,,,,,
13/03/2024 09:09,7.81507,1443.2,493013,0,,,,,,
13/03/2024 09:10,7.60728,1443.21,493471,0,,,,,,
13/03/2024 09:11,7.64299,1443.19,493923,0,,,,,,
13/03/2024 09:12,7.97077,1443.2,494389,0,,,,,,
13/03/2024 09:13,7.63924,1443.2,494852,0,,,,,,
13/03/2024 09:14,7.54348,1443.2,495311,0,,,,,,
13/03/2024 09:15,7.60298,1443.2,495763,0,,,,,,
13/03/2024 09:16,7.46637,1443.2,496217,0,,,,,,
13/03/2024 09:17,7.65204,1443.19,496671,0,,,,,,
13/03/2024 09:18,7.54901,1443.2,497125,0,,,,,,
13/03/2024 09:19,7.44848,1443.2,497582,0,,,,,,
13/03/2024 09:20,7.48183,1443.2,498034,0,,,,,,
13/03/2024 09:21,7.6374,1443.2,498491,0,,,,,,
13/03/2024 09:22,7.61543,1443.19,498950,0,,,,,,
13/03/2024 09:23,7.80662,1443.19,499416,0,,,,,,
13/03/2024 09:24,7.61212,1443.2,499878,0,,,,,,
13/03/2024 09:25,7.94376,1443.19,500349,0,,,,,,
13/03/2024 09:26,7.5952,1443.2,500818,0,,,,,,
13/03/2024 09:27,7.69401,1443.19,501281,0,,,,,,
13/03/2024 09:28,7.52838,1443.2,501737,0,,,,,,
13/03/2024 09:29,7.45773,1443.21,502203,0,,,,,,
13/03/2024 09:30,7.78335,1443.19,502665,0,,,,,,
13/03/2024 09:31,7.85061,1443.2,503135,0,,,,,,
13/03/2024 09:32,7.87658,1443.2,503592,0,,,,,,
