File      ,14-00-46.CSV,,,,,,,,,
Site Name      ,HUTHL-A,,,,,,,,,
Start,12/03/2024 14:00,,,,,,,,,
Stop,13/03/2024 09:31,,,,,,,,,
Pipe Material,Cast Iron,,,,,,,,,
Pipe O.D.     ,173,mm,,,,,,,,
Wall Thickness     ,8.5,mm,,,,,,,,
Pipe Liner,None,,,,,,,,,
Liner Thickness     ,0,mm,,,,,,,,
Fluid      ,Water,,,,,,,,,
Averaging,30,s,,,,,,,,
Interval,60,s,,,,,,,,
Records,1172,,,,,,,,,
FlowMin,0,,,,,,,,,
FlowMax,12.161,,,,,,,,,
AmplitudeMin,0,,,,,,,,,
AmplitudeMax,0.03,,,,,,,,,
Sound SpeedMin,0,,,,,,,,,
Sound SpeedMax,1444.522,,,,,,,,,
Errors,46,,,,,,,,,
Last Error,1,,,,,,,,,
                                                                                                      ,V01,5,100,2,6,8,9,21/07/2023 12:54,0,0
Date[Day/Month/Year] Time[Hour:Min:Secs],Flow[l/s],Sound Speed[m/s],+ve Totaliser[l],-ve Totaliser[l],,,,,,
28/11/2023 14:45:00,184.84,1443.61,17.3747,0,,,,,,
28/11/2023 14:46:00,185.11,1443.6,505.475,0,,,,,,
28/11/2023 14:47:00,185.38,1443.62,993.5,0,,,,,,
28/11/2023 14:48:00,187.87,1443.61,1491.78,0,,,,,,
28/11/2023 14:49:00,183.00,1443.62,1984.93,0,,,,,,
28/11/2023 14:50:00,183.65,1443.61,2481.41,0,,,,,,
28/11/2023 14:51:00,187.26,1443.61,2975.93,0,,,,,,
28/11/2023 14:52:00,186.06,1443.61,3466.98,0,,,,,,
28/11/2023 14:53:00,184.05,1443.62,3965.89,0,,,,,,
28/11/2023 14:54:00,183.19,1443.62,4461.89,0,,,,,,
28/11/2023 14:55:00,183.25,1443.61,4956.92,0,,,,,,
28/11/2023 14:56:00,187.63,1443.61,5462.3,0,,,,,,
28/11/2023 14:57:00,185.42,1443.62,5967.44,0,,,,,,
28/11/2023 14:58:00,185.83,1443.62,6459.61,0,,,,,,
28/11/2023 14:59:00,187.28,1443.63,6960.34,0,,,,,,
28/11/2023 15:00:00,185.04,1443.63,7460.96,0,8.0837,,8.084185,,,
28/11/2023 15:01:00,183.34,1443.62,7947.15,0,,,,,,
28/11/2023 15:02:00,184.51,1443.63,8441.86,0,,,,,,
28/11/2023 15:03:00,183.96,1443.62,8937.76,0,,,,,,
28/11/2023 15:04:00,185.02,1443.63,9434.86,0,,,,,,
28/11/2023 15:05:00,189.09,1443.63,9923.13,0,,,,,,
28/11/2023 15:06:00,184.40,1443.63,10417.8,0,,,,,,
28/11/2023 15:07:00,185.84,1443.63,10919.6,0,,,,,,
28/11/2023 15:08:00,186.77,1443.62,11414.3,0,,,,,,
28/11/2023 15:09:00,182.57,1443.63,11904.6,0,,,,,,
28/11/2023 15:10:00,186.07,1443.64,12400.6,0,,,,,,
28/11/2023 15:11:00,186.96,1443.63,12892.1,0,,,,,,
28/11/2023 15:12:00,183.98,1443.63,13390.5,0,,,,,,
28/11/2023 15:13:00,183.09,1443.63,13887,0,,,,,,
28/11/2023 15:14:00,188.79,1443.63,14383.9,0,,,,,,
28/11/2023 15:15:00,186.51,1443.62,14881.4,0,8.3103,,,,,
28/11/2023 15:16:00,186.15,1443.62,15370.6,0,,,,,,
28/11/2023 15:17:00,185.88,1443.63,15863.7,0,,,,,,
28/11/2023 15:18:00,188.37,1443.63,16356.9,0,,,,,,
28/11/2023 15:19:00,180.46,1443.64,16847.5,0,,,,,,
28/11/2023 15:20:00,185.57,1443.63,17339.4,0,,,,,,
28/11/2023 15:21:00,184.92,1443.64,17840.4,0,,,,,,
28/11/2023 15:22:00,187.69,1443.65,18336.8,0,,,,,,
28/11/2023 15:23:00,185.09,1443.64,18835,0,,,,,,
28/11/2023 15:24:00,185.76,1443.64,19323,0,,,,,,
28/11/2023 15:25:00,186.57,1443.64,19817.2,0,,,,,,
28/11/2023 15:26:00,181.86,1443.65,20312.5,0,,,,,,
28/11/2023 15:27:00,183.71,1443.65,20802.9,0,,,,,,
28/11/2023 15:28:00,185.43,1443.66,21293.6,0,,,,,,
28/11/2023 15:29:00,183.31,1443.65,21781.7,0,,,,,,
28/11/2023 15:30:00,183.19,1443.66,22271.2,0,,,,,,
28/11/2023 15:31:00,182.11,1443.65,22761.8,0,,,,,,
28/11/2023 15:32:00,184.88,1443.65,23251.2,0,,,,,,
28/11/2023 15:33:00,186.28,1443.64,23737.5,0,,,,,,
28/11/2023 15:34:00,186.63,1443.66,24228.8,0,,,,,,
28/11/2023 15:35:00,185.50,1443.65,24718.2,0,,,,,,
28/11/2023 15:36:00,183.10,1443.65,25212,0,,,,,,
28/11/2023 15:37:00,190.22,1443.66,25701.9,0,,,,,,
28/11/2023 15:38:00,189.36,1443.66,26195.2,0,,,,,,
28/11/2023 15:39:00,182.07,1443.65,26680.3,0,,,,,,
28/11/2023 15:40:00,184.66,1443.65,27174.1,0,,,,,,
28/11/2023 15:41:00,187.51,1443.66,27669,0,,,,,,
28/11/2023 15:42:00,187.35,1443.65,28169,0,,,,,,
28/11/2023 15:43:00,183.11,1443.66,28665.5,0,,,,,,
28/11/2023 15:44:00,182.39,1443.66,29157.1,0,,,,,,
28/11/2023 15:45:00,187.23,1443.66,29653.8,0,,,,,,
28/11/2023 15:46:00,181.72,1443.65,30146.5,0,,,,,,
28/11/2023 15:47:00,184.00,1443.66,30637.6,0,,,,,,
28/11/2023 15:48:00,181.86,1443.66,31126.2,0,,,,,,
28/11/2023 15:49:00,184.88,1443.66,31611.1,0,,,,,,
28/11/2023 15:50:00,185.10,1443.67,32108.8,0,,,,,,
28/11/2023 15:51:00,185.87,1443.66,32603.5,0,,,,,,
28/11/2023 15:52:00,184.66,1443.66,33096.6,0,,,,,,
28/11/2023 15:53:00,184.53,1443.65,33589.2,0,,,,,,
28/11/2023 15:54:00,184.26,1443.66,34078.6,0,,,,,,
28/11/2023 15:55:00,185.35,1443.66,34575.8,0,,,,,,
28/11/2023 15:56:00,183.96,1443.65,35063.4,0,,,,,,
28/11/2023 15:57:00,184.03,1443.66,35557.9,0,,,,,,
28/11/2023 15:58:00,186.66,1443.64,36042,0,,,,,,
28/11/2023 15:59:00,181.00,1443.54,36185.5,0,,,,,,
28/11/2023 16:00:00,181.31,1443.45,36185.5,0,,,,,,
28/11/2023 16:01:00,184.92,1443.43,36185.5,0,,,,,,
28/11/2023 16:02:00,181.05,1443.45,36185.5,0,,,,,,
28/11/2023 16:03:00,182.32,1443.46,36185.5,0,,,,,,
28/11/2023 16:04:00,185.52,1443.45,36185.5,0,,,,,,
28/11/2023 16:05:00,179.66,1443.48,36185.5,0,,,,,,
28/11/2023 16:06:00,183.31,1443.47,36185.5,0,,,,,,
28/11/2023 16:07:00,183.50,1443.46,36185.5,0,,,,,,
28/11/2023 16:08:00,179.12,1443.46,36185.5,0,,,,,,
28/11/2023 16:09:00,180.12,1443.46,36185.5,0,,,,,,
28/11/2023 16:10:00,182.53,1443.45,36185.5,0,,,,,,
28/11/2023 16:11:00,182.10,1443.45,36185.5,0,,,,,,
28/11/2023 16:12:00,184.29,1443.45,36185.5,0,,,,,,
28/11/2023 16:13:00,180.25,1443.42,36185.5,0,,,,,,
28/11/2023 16:14:00,182.97,1443.44,36185.5,0,,,,,,
28/11/2023 16:15:00,179.89,1443.44,36185.5,0,,,,,,
28/11/2023 16:16:00,183.05,1443.44,36185.5,0,,,,,,
28/11/2023 16:17:00,181.86,1443.45,36185.5,0,,,,,,
28/11/2023 16:18:00,182.05,1443.44,36185.5,0,,,,,,
28/11/2023 16:19:00,182.51,1443.43,36185.5,0,,,,,,
28/11/2023 16:20:00,180.95,1443.44,36185.5,0,,,,,,
28/11/2023 16:21:00,182.15,1443.44,36185.5,0,,,,,,
28/11/2023 16:22:00,177.85,1443.42,36185.5,0,,,,,,
28/11/2023 16:23:00,181.46,1443.4,36185.5,0,,,,,,
28/11/2023 16:24:00,183.12,1443.4,36185.5,0,,,,,,
28/11/2023 16:25:00,184.55,1443.42,36185.5,0,,,,,,
28/11/2023 16:26:00,185.57,1443.41,36185.5,0,,,,,,
28/11/2023 16:27:00,183.84,1443.4,36185.5,0,,,,,,
28/11/2023 16:28:00,183.98,1443.39,36185.5,0,,,,,,
28/11/2023 16:29:00,181.20,1443.38,36185.5,0,,,,,,
28/11/2023 16:30:00,180.56,1443.39,36185.5,0,,,,,,
28/11/2023 16:31:00,181.58,1443.37,36185.5,0,,,,,,
28/11/2023 16:32:00,183.13,1443.35,36185.5,0,,,,,,
28/11/2023 16:33:00,180.84,1443.35,36185.5,0,,,,,,
28/11/2023 16:34:00,180.59,1443.34,36185.5,0,,,,,,
28/11/2023 16:35:00,181.72,1443.32,36185.5,0,,,,,,
28/11/2023 16:36:00,181.59,1443.33,36185.5,0,,,,,,
28/11/2023 16:37:00,183.36,1443.33,36185.5,0,,,,,,
28/11/2023 16:38:00,182.69,1443.3,36185.5,0,,,,,,
28/11/2023 16:39:00,181.91,1443.28,36185.5,0,,,,,,
28/11/2023 16:40:00,182.05,1443.28,36185.5,0,,,,,,
28/11/2023 16:41:00,181.44,1443.29,36185.5,0,,,,,,
28/11/2023 16:42:00,179.81,1443.34,36185.5,0,,,,,,
28/11/2023 16:43:00,179.46,1443.27,36185.5,0,,,,,,
28/11/2023 16:44:00,178.53,1443.27,36185.5,0,,,,,,
28/11/2023 16:45:00,181.46,1443.27,36185.5,0,,,,,,
28/11/2023 16:46:00,180.37,1443.3,36185.5,0,,,,,,
28/11/2023 16:47:00,178.32,1443.26,36185.5,0,,,,,,
28/11/2023 16:48:00,186.23,1443.23,36185.5,0,,,,,,
28/11/2023 16:49:00,183.58,1443.23,36185.5,0,,,,,,
28/11/2023 16:50:00,181.61,1443.21,36185.5,0,,,,,,
28/11/2023 16:51:00,183.79,1443.21,36185.5,0,,,,,,
28/11/2023 16:52:00,179.64,1443.17,36185.5,0,,,,,,
28/11/2023 16:53:00,181.29,1443.18,36185.5,0,,,,,,
28/11/2023 16:54:00,175.81,1443.18,36185.5,0,,,,,,
28/11/2023 16:55:00,181.24,1443.16,36185.5,0,,,,,,
28/11/2023 16:56:00,183.85,1443.16,36185.5,0,,,,,,
28/11/2023 16:57:00,184.56,1443.14,36185.5,0,,,,,,
28/11/2023 16:58:00,182.76,1443.13,36185.5,0,,,,,,
28/11/2023 16:59:00,179.85,1443.13,36185.5,0,,,,,,
28/11/2023 17:00:00,179.63,1443.12,36185.5,0,,,,,,
28/11/2023 17:01:00,182.23,1443.11,36185.5,0,,,,,,
28/11/2023 17:02:00,183.74,1443.1,36185.5,0,,,,,,
28/11/2023 17:03:00,188.83,1443.09,36185.5,0,,,,,,
28/11/2023 17:04:00,181.53,1443.09,36185.5,0,,,,,,
28/11/2023 17:05:00,185.25,1443.07,36185.5,0,,,,,,
28/11/2023 17:06:00,181.33,1443.08,36185.5,0,,,,,,
28/11/2023 17:07:00,183.55,1443.06,36185.5,0,,,,,,
28/11/2023 17:08:00,186.33,1443.09,36185.5,0,,,,,,
28/11/2023 17:09:00,185.62,1443.07,36185.5,0,,,,,,
28/11/2023 17:10:00,186.15,1443.04,36185.5,0,,,,,,
28/11/2023 17:11:00,182.62,1443.04,36185.5,0,,,,,,
28/11/2023 17:12:00,185.71,1443.03,36185.5,0,,,,,,
28/11/2023 17:13:00,187.93,1443.02,36185.5,0,,,,,,
28/11/2023 17:14:00,182.42,1442.99,36185.5,0,,,,,,
28/11/2023 17:15:00,184.69,1442.99,36185.5,0,,,,,,
28/11/2023 17:16:00,183.66,1442.96,36185.5,0,,,,,,
28/11/2023 17:17:00,180.32,1442.95,36185.5,0,,,,,,
28/11/2023 17:18:00,185.71,1442.92,36185.5,0,,,,,,
28/11/2023 17:19:00,183.84,1442.92,36185.5,0,,,,,,
28/11/2023 17:20:00,185.96,1442.9,36185.5,0,,,,,,
28/11/2023 17:21:00,184.20,1442.89,36185.5,0,,,,,,
28/11/2023 17:22:00,184.71,1442.89,36185.5,0,,,,,,
28/11/2023 17:23:00,181.75,1442.88,36185.5,0,,,,,,
28/11/2023 17:24:00,187.25,1442.87,36185.5,0,,,,,,
28/11/2023 17:25:00,184.65,1442.87,36185.5,0,,,,,,
28/11/2023 17:26:00,184.20,1442.85,36185.5,0,,,,,,
28/11/2023 17:27:00,183.67,1442.85,36185.5,0,,,,,,
28/11/2023 17:28:00,186.52,1442.84,36185.5,0,,,,,,
28/11/2023 17:29:00,185.03,1442.81,36185.5,0,,,,,,
28/11/2023 17:30:00,181.70,1442.83,36185.5,0,,,,,,
28/11/2023 17:31:00,184.66,1442.83,36185.5,0,,,,,,
28/11/2023 17:32:00,184.06,1442.8,36185.5,0,,,,,,
28/11/2023 17:33:00,184.49,1442.79,36185.5,0,,,,,,
28/11/2023 17:34:00,182.49,1442.78,36185.5,0,,,,,,
28/11/2023 17:35:00,187.69,1442.77,36185.5,0,,,,,,
28/11/2023 17:36:00,185.31,1442.75,36185.5,0,,,,,,
28/11/2023 17:37:00,183.41,1442.76,36185.5,0,,,,,,
28/11/2023 17:38:00,183.57,1442.76,36185.5,0,,,,,,
28/11/2023 17:39:00,182.62,1442.73,36185.5,0,,,,,,
28/11/2023 17:40:00,184.83,1442.73,36185.5,0,,,,,,
28/11/2023 17:41:00,178.65,1442.73,36185.5,0,,,,,,
28/11/2023 17:42:00,186.32,1442.73,36185.5,0,,,,,,
28/11/2023 17:43:00,183.46,1442.7,36185.5,0,,,,,,
28/11/2023 17:44:00,186.79,1442.7,36185.5,0,,,,,,
28/11/2023 17:45:00,183.49,1442.68,36185.5,0,,,,,,
28/11/2023 17:46:00,183.12,1442.67,36185.5,0,,,,,,
28/11/2023 17:47:00,183.29,1442.65,36185.5,0,,,,,,
28/11/2023 17:48:00,188.28,1442.65,36185.5,0,,,,,,
28/11/2023 17:49:00,181.45,1442.65,36185.5,0,,,,,,
28/11/2023 17:50:00,180.38,1442.64,36185.5,0,,,,,,
28/11/2023 17:51:00,185.96,1442.63,36185.5,0,,,,,,
28/11/2023 17:52:00,183.41,1442.62,36185.5,0,,,,,,
28/11/2023 17:53:00,185.84,1442.61,36185.5,0,,,,,,
28/11/2023 17:54:00,185.69,1442.61,36185.5,0,,,,,,
28/11/2023 17:55:00,183.48,1442.59,36185.5,0,,,,,,
28/11/2023 17:56:00,180.95,1442.57,36185.5,0,,,,,,
28/11/2023 17:57:00,182.10,1442.57,36185.5,0,,,,,,
28/11/2023 17:58:00,185.74,1442.56,36185.5,0,,,,,,
28/11/2023 17:59:00,182.44,1442.53,36185.5,0,,,,,,
28/11/2023 18:00:00,187.17,1442.53,36185.5,0,,,,,,
28/11/2023 18:01:00,184.36,1442.52,36185.5,0,,,,,,
28/11/2023 18:02:00,180.90,1442.5,36185.5,0,,,,,,
28/11/2023 18:03:00,181.44,1442.5,36185.5,0,,,,,,
28/11/2023 18:04:00,186.23,1442.51,36185.5,0,,,,,,
28/11/2023 18:05:00,183.72,1442.48,36185.5,0,,,,,,
28/11/2023 18:06:00,180.15,1442.47,36185.5,0,,,,,,
28/11/2023 18:07:00,183.29,1442.47,36185.5,0,,,,,,
28/11/2023 18:08:00,182.48,1442.45,36185.5,0,,,,,,
28/11/2023 18:09:00,184.82,1442.46,36185.5,0,,,,,,
28/11/2023 18:10:00,185.92,1442.44,36185.5,0,,,,,,
28/11/2023 18:11:00,183.80,1442.45,36185.5,0,,,,,,
28/11/2023 18:12:00,183.17,1442.43,36185.5,0,,,,,,
28/11/2023 18:13:00,183.62,1442.4,36185.5,0,,,,,,
28/11/2023 18:14:00,184.00,1442.41,36185.5,0,,,,,,
28/11/2023 18:15:00,185.30,1442.4,36185.5,0,,,,,,
28/11/2023 18:16:00,184.31,1442.39,36185.5,0,,,,,,
28/11/2023 18:17:00,184.22,1442.39,36185.5,0,,,,,,
28/11/2023 18:18:00,177.30,1442.37,36185.5,0,,,,,,
28/11/2023 18:19:00,184.74,1442.35,36185.5,0,,,,,,
28/11/2023 18:20:00,182.78,1442.34,36185.5,0,,,,,,
28/11/2023 18:21:00,186.57,1442.33,36185.5,0,,,,,,
28/11/2023 18:22:00,181.28,1442.33,36185.5,0,,,,,,
28/11/2023 18:23:00,184.24,1442.34,36185.5,0,,,,,,
28/11/2023 18:24:00,182.63,1442.32,36185.5,0,,,,,,
28/11/2023 18:25:00,186.59,1442.31,36185.5,0,,,,,,
28/11/2023 18:26:00,187.43,1442.32,36185.5,0,,,,,,
28/11/2023 18:27:00,183.36,1442.29,36185.5,0,,,,,,
28/11/2023 18:28:00,184.32,1442.28,36185.5,0,,,,,,
28/11/2023 18:29:00,183.64,1442.27,36185.5,0,,,,,,
28/11/2023 18:30:00,182.20,1442.26,36185.5,0,,,,,,
28/11/2023 18:31:00,186.04,1442.27,36185.5,0,,,,,,
28/11/2023 18:32:00,186.08,1442.25,36185.5,0,,,,,,
28/11/2023 18:33:00,187.19,1442.25,36185.5,0,,,,,,
28/11/2023 18:34:00,184.92,1442.23,36185.5,0,,,,,,
28/11/2023 18:35:00,186.74,1442.24,36185.5,0,,,,,,
28/11/2023 18:36:00,182.57,1442.23,36185.5,0,,,,,,
28/11/2023 18:37:00,186.05,1442.23,36185.5,0,,,,,,
28/11/2023 18:38:00,184.41,1442.23,36185.5,0,,,,,,
28/11/2023 18:39:00,184.02,1442.19,36185.5,0,,,,,,
28/11/2023 18:40:00,185.28,1442.18,36185.5,0,,,,,,
28/11/2023 18:41:00,180.83,1442.19,36185.5,0,,,,,,
28/11/2023 18:42:00,186.45,1442.18,36185.5,0,,,,,,
28/11/2023 18:43:00,180.90,1442.17,36185.5,0,,,,,,
28/11/2023 18:44:00,185.69,1442.16,36185.5,0,,,,,,
28/11/2023 18:45:00,183.86,1442.15,36185.5,0,,,,,,
28/11/2023 18:46:00,184.08,1442.15,36185.5,0,,,,,,
28/11/2023 18:47:00,183.75,1442.14,36185.5,0,,,,,,
28/11/2023 18:48:00,183.09,1442.14,36185.5,0,,,,,,
28/11/2023 18:49:00,185.42,1442.13,36185.5,0,,,,,,
28/11/2023 18:50:00,181.89,1442.13,36185.5,0,,,,,,
28/11/2023 18:51:00,187.95,1442.12,36185.5,0,,,,,,
28/11/2023 18:52:00,185.75,1442.13,36185.5,0,,,,,,
28/11/2023 18:53:00,185.22,1442.11,36185.5,0,,,,,,
28/11/2023 18:54:00,185.13,1442.1,36185.5,0,,,,,,
28/11/2023 18:55:00,183.19,1442.09,36185.5,0,,,,,,
28/11/2023 18:56:00,182.67,1442.06,36185.5,0,,,,,,
28/11/2023 18:57:00,183.71,1442.05,36185.5,0,,,,,,
28/11/2023 18:58:00,182.48,1442.04,36185.5,0,,,,,,
28/11/2023 18:59:00,179.68,1442.02,36185.5,0,,,,,,
28/11/2023 19:00:00,183.76,1442,36185.5,0,,,,,,
28/11/2023 19:01:00,172.61,1441.99,36185.5,0,,,,,,
28/11/2023 19:02:00,175.82,1442.03,36185.5,0,,,,,,
28/11/2023 19:03:00,173.46,1442.02,36185.5,0,,,,,,
28/11/2023 19:04:00,175.44,1442.01,36185.5,0,,,,,,
28/11/2023 19:05:00,172.82,1441.99,36185.5,0,,,,,,
28/11/2023 19:06:00,171.88,1442,36185.5,0,,,,,,
28/11/2023 19:07:00,176.15,1441.99,36185.5,0,,,,,,
28/11/2023 19:08:00,171.37,1441.98,36185.5,0,,,,,,
28/11/2023 19:09:00,175.35,1441.99,36185.5,0,,,,,,
28/11/2023 19:10:00,175.96,1441.97,36185.5,0,,,,,,
28/11/2023 19:11:00,173.49,1441.95,36185.5,0,,,,,,
28/11/2023 19:12:00,173.09,1441.95,36185.5,0,,,,,,
28/11/2023 19:13:00,176.25,1441.94,36185.5,0,,,,,,
28/11/2023 19:14:00,170.60,1441.96,36185.5,0,,,,,,
28/11/2023 19:15:00,171.92,1441.94,36185.5,0,,,,,,
28/11/2023 19:16:00,175.74,1441.95,36185.5,0,,,,,,
28/11/2023 19:17:00,173.84,1441.94,36185.5,0,,,,,,
28/11/2023 19:18:00,175.94,1441.93,36185.5,0,,,,,,
28/11/2023 19:19:00,177.14,1441.93,36185.5,0,,,,,,
28/11/2023 19:20:00,176.16,1441.9,36185.5,0,,,,,,
28/11/2023 19:21:00,173.50,1441.92,36185.5,0,,,,,,
28/11/2023 19:22:00,172.89,1441.9,36185.5,0,,,,,,
28/11/2023 19:23:00,173.89,1441.88,36185.5,0,,,,,,
28/11/2023 19:24:00,173.84,1441.89,36185.5,0,,,,,,
28/11/2023 19:25:00,175.19,1441.91,36185.5,0,,,,,,
28/11/2023 19:26:00,176.00,1441.9,36185.5,0,,,,,,
28/11/2023 19:27:00,175.68,1441.85,36185.5,0,,,,,,
28/11/2023 19:28:00,172.92,1441.87,36185.5,0,,,,,,
28/11/2023 19:29:00,172.90,1441.85,36185.5,0,,,,,,
28/11/2023 19:30:00,176.92,1441.85,36185.5,0,,,,,,
28/11/2023 19:31:00,176.24,1441.84,36185.5,0,,,,,,
28/11/2023 19:32:00,177.19,1441.83,36185.5,0,,,,,,
28/11/2023 19:33:00,173.86,1441.83,36185.5,0,,,,,,
28/11/2023 19:34:00,177.19,1441.82,36185.5,0,,,,,,
28/11/2023 19:35:00,174.22,1441.82,36185.5,0,,,,,,
28/11/2023 19:36:00,175.16,1441.81,36185.5,0,,,,,,
28/11/2023 19:37:00,172.74,1441.81,36185.5,0,,,,,,
28/11/2023 19:38:00,169.58,1441.81,36185.5,0,,,,,,
28/11/2023 19:39:00,174.96,1441.81,36185.5,0,,,,,,
28/11/2023 19:40:00,176.32,1441.79,36185.5,0,,,,,,
28/11/2023 19:41:00,172.42,1441.8,36185.5,0,,,,,,
28/11/2023 19:42:00,175.93,1441.76,36185.5,0,,,,,,
28/11/2023 19:43:00,173.84,1441.78,36185.5,0,,,,,,
28/11/2023 19:44:00,173.98,1441.78,36185.5,0,,,,,,
28/11/2023 19:45:00,174.14,1441.77,36185.5,0,,,,,,
28/11/2023 19:46:00,175.77,1441.74,36185.5,0,,,,,,
28/11/2023 19:47:00,171.50,1441.74,36185.5,0,,,,,,
28/11/2023 19:48:00,174.57,1441.74,36185.5,0,,,,,,
28/11/2023 19:49:00,177.82,1441.74,36185.5,0,,,,,,
28/11/2023 19:50:00,174.21,1441.75,36185.5,0,,,,,,
28/11/2023 19:51:00,174.04,1441.73,36185.5,0,,,,,,
28/11/2023 19:52:00,174.40,1441.75,36185.5,0,,,,,,
28/11/2023 19:53:00,176.08,1441.73,36185.5,0,,,,,,
28/11/2023 19:54:00,172.91,1441.74,36185.5,0,,,,,,
28/11/2023 19:55:00,172.12,1441.72,36185.5,0,,,,,,
28/11/2023 19:56:00,173.20,1441.72,36185.5,0,,,,,,
28/11/2023 19:57:00,175.10,1441.72,36185.5,0,,,,,,
28/11/2023 19:58:00,173.69,1441.7,36185.5,0,,,,,,
28/11/2023 19:59:00,177.35,1441.68,36185.5,0,,,,,,
28/11/2023 20:00:00,176.89,1441.69,36185.5,0,,,,,,
28/11/2023 20:01:00,179.98,1441.68,36185.5,0,,,,,,
28/11/2023 20:02:00,176.15,1441.66,36185.5,0,,,,,,
28/11/2023 20:03:00,176.69,1441.68,36185.5,0,,,,,,
28/11/2023 20:04:00,174.31,1441.67,36185.5,0,,,,,,
28/11/2023 20:05:00,176.91,1441.66,36185.5,0,,,,,,
28/11/2023 20:06:00,174.57,1441.66,36185.5,0,,,,,,
28/11/2023 20:07:00,176.91,1441.65,36185.5,0,,,,,,
28/11/2023 20:08:00,175.27,1443.82,36509.4,0,,,,,,
28/11/2023 20:09:00,176.73,1443.73,37009.4,0,,,,,,
28/11/2023 20:10:00,174.82,1443.69,37505.8,0,,,,,,
28/11/2023 20:11:00,178.85,1443.67,38003.6,0,,,,,,
28/11/2023 20:12:00,177.09,1443.67,38503.7,0,,,,,,
28/11/2023 20:13:00,175.83,1443.66,38995.9,0,,,,,,
28/11/2023 20:14:00,176.01,1443.66,39493.1,0,,,,,,
28/11/2023 20:15:00,172.55,1443.64,39992.8,0,,,,,,
28/11/2023 20:16:00,177.49,1443.65,40491.7,0,,,,,,
28/11/2023 20:17:00,178.90,1443.64,40992.3,0,,,,,,
28/11/2023 20:18:00,174.30,1443.64,41486.6,0,,,,,,
28/11/2023 20:19:00,178.29,1443.64,41984.2,0,,,,,,
28/11/2023 20:20:00,177.52,1443.64,42481.8,0,,,,,,
28/11/2023 20:21:00,178.99,1443.64,42975.3,0,,,,,,
28/11/2023 20:22:00,177.54,1443.64,43460.9,0,,,,,,
28/11/2023 20:23:00,178.39,1443.64,43954.3,0,,,,,,
28/11/2023 20:24:00,175.25,1443.64,44450.6,0,,,,,,
28/11/2023 20:25:00,178.17,1443.64,44945.9,0,,,,,,
28/11/2023 20:26:00,179.78,1443.64,45436.2,0,,,,,,
28/11/2023 20:27:00,177.23,1443.63,45923.9,0,,,,,,
28/11/2023 20:28:00,173.44,1443.63,46410.3,0,,,,,,
28/11/2023 20:29:00,178.06,1443.64,46901.7,0,,,,,,
28/11/2023 20:30:00,176.37,1443.64,47395.5,0,,,,,,
28/11/2023 20:31:00,174.27,1443.63,47886.3,0,,,,,,
28/11/2023 20:32:00,180.41,1443.63,48371.7,0,,,,,,
28/11/2023 20:33:00,179.94,1443.63,48858.5,0,,,,,,
28/11/2023 20:34:00,173.93,1443.62,49354.4,0,,,,,,
28/11/2023 20:35:00,178.05,1443.63,49849.1,0,,,,,,
28/11/2023 20:36:00,179.10,1443.63,50343.9,0,,,,,,
28/11/2023 20:37:00,172.89,1443.62,50833.6,0,,,,,,
28/11/2023 20:38:00,178.49,1443.64,51325.7,0,,,,,,
28/11/2023 20:39:00,179.91,1443.62,51821.2,0,,,,,,
28/11/2023 20:40:00,176.70,1443.62,52320.9,0,,,,,,
28/11/2023 20:41:00,176.55,1443.63,52811.7,0,,,,,,
28/11/2023 20:42:00,176.99,1443.63,53309.8,0,,,,,,
28/11/2023 20:43:00,176.20,1443.64,53796.4,0,,,,,,
28/11/2023 20:44:00,176.23,1443.63,54289.8,0,,,,,,
28/11/2023 20:45:00,176.79,1443.63,54783.8,0,,,,,,
28/11/2023 20:46:00,176.69,1443.61,55278.7,0,,,,,,
28/11/2023 20:47:00,178.36,1443.63,55771.9,0,,,,,,
28/11/2023 20:48:00,178.77,1443.61,56265.2,0,,,,,,
28/11/2023 20:49:00,179.82,1443.62,56768.2,0,,,,,,
28/11/2023 20:50:00,176.00,1443.63,57264.6,0,,,,,,
28/11/2023 20:51:00,179.30,1443.63,57759,0,,,,,,
28/11/2023 20:52:00,179.04,1443.63,58252.2,0,,,,,,
28/11/2023 20:53:00,177.67,1443.64,58743.9,0,,,,,,
28/11/2023 20:54:00,176.97,1443.64,59229.4,0,,,,,,
28/11/2023 20:55:00,178.90,1443.64,59715.6,0,,,,,,
28/11/2023 20:56:00,175.65,1443.63,60198.7,0,,,,,,
28/11/2023 20:57:00,177.92,1443.63,60692.2,0,,,,,,
28/11/2023 20:58:00,177.27,1443.64,61181.3,0,,,,,,
28/11/2023 20:59:00,177.27,1443.63,61668,0,,,,,,
28/11/2023 21:00:00,178.83,1443.62,62155.2,0,,,,,,
28/11/2023 21:01:00,181.87,1443.64,62650.3,0,,,,,,
28/11/2023 21:02:00,181.14,1443.63,63141.4,0,,,,,,
28/11/2023 21:03:00,179.92,1443.62,63626.7,0,,,,,,
28/11/2023 21:04:00,180.97,1443.63,64113,0,,,,,,
28/11/2023 21:05:00,180.15,1443.63,64597.9,0,,,,,,
28/11/2023 21:06:00,179.34,1443.64,65078.5,0,,,,,,
28/11/2023 21:07:00,179.98,1443.64,65565.3,0,,,,,,
28/11/2023 21:08:00,178.61,1443.62,66052.2,0,,,,,,
28/11/2023 21:09:00,180.86,1443.63,66538.2,0,,,,,,
28/11/2023 21:10:00,180.73,1443.63,67023.4,0,,,,,,
28/11/2023 21:11:00,181.92,1443.63,67511.8,0,,,,,,
28/11/2023 21:12:00,184.05,1443.62,67994.8,0,,,,,,
28/11/2023 21:13:00,177.10,1443.62,68477.1,0,,,,,,
28/11/2023 21:14:00,180.61,1443.62,68959.2,0,,,,,,
28/11/2023 21:15:00,182.91,1443.62,69450.3,0,,,,,,
28/11/2023 21:16:00,179.51,1443.64,69938.6,0,,,,,,
28/11/2023 21:17:00,183.51,1443.64,70417.1,0,,,,,,
28/11/2023 21:18:00,179.88,1443.63,70908.3,0,,,,,,
28/11/2023 21:19:00,180.43,1443.63,71404.5,0,,,,,,
28/11/2023 21:20:00,181.37,1443.62,71898.4,0,,,,,,
28/11/2023 21:21:00,180.24,1443.63,72390.9,0,,,,,,
28/11/2023 21:22:00,180.95,1443.63,72877.7,0,,,,,,
28/11/2023 21:23:00,177.36,1443.63,73365.2,0,,,,,,
28/11/2023 21:24:00,182.62,1443.64,73854.3,0,,,,,,
28/11/2023 21:25:00,184.60,1443.62,74347.1,0,,,,,,
28/11/2023 21:26:00,182.01,1443.64,74836.2,0,,,,,,
28/11/2023 21:27:00,180.97,1443.63,75327.6,0,,,,,,
28/11/2023 21:28:00,180.64,1443.64,75812.9,0,,,,,,
28/11/2023 21:29:00,182.42,1443.62,76305.5,0,,,,,,
28/11/2023 21:30:00,181.71,1443.65,76796.3,0,,,,,,
28/11/2023 21:31:00,178.98,1443.63,77281.6,0,,,,,,
28/11/2023 21:32:00,183.09,1443.63,77776,0,,,,,,
28/11/2023 21:33:00,182.52,1443.62,78269.1,0,,,,,,
28/11/2023 21:34:00,180.09,1443.63,78761.4,0,,,,,,
28/11/2023 21:35:00,186.54,1443.62,79254,0,,,,,,
28/11/2023 21:36:00,181.46,1443.64,79741.7,0,,,,,,
28/11/2023 21:37:00,180.89,1443.64,80233.3,0,,,,,,
28/11/2023 21:38:00,178.46,1443.64,80722.1,0,,,,,,
28/11/2023 21:39:00,180.46,1443.65,81209.7,0,,,,,,
28/11/2023 21:40:00,181.92,1443.64,81694.1,0,,,,,,
28/11/2023 21:41:00,177.36,1443.64,82187.3,0,,,,,,
28/11/2023 21:42:00,179.33,1443.65,82683.8,0,,,,,,
28/11/2023 21:43:00,181.94,1443.64,83169.5,0,,,,,,
28/11/2023 21:44:00,181.98,1443.65,83654.5,0,,,,,,
28/11/2023 21:45:00,179.67,1443.64,84141.3,0,,,,,,
28/11/2023 21:46:00,179.17,1443.64,84629.6,0,,,,,,
28/11/2023 21:47:00,177.22,1443.65,85115.2,0,,,,,,
28/11/2023 21:48:00,182.21,1443.63,85606.3,0,,,,,,
28/11/2023 21:49:00,179.43,1443.64,86091.6,0,,,,,,
28/11/2023 21:50:00,179.28,1443.64,86577.2,0,,,,,,
28/11/2023 21:51:00,175.63,1443.63,87064.8,0,,,,,,
28/11/2023 21:52:00,182.42,1443.63,87555.1,0,,,,,,
28/11/2023 21:53:00,182.78,1443.66,88043.1,0,,,,,,
28/11/2023 21:54:00,176.65,1443.65,88533.7,0,,,,,,
28/11/2023 21:55:00,172.70,1443.66,89021.7,0,,,,,,
28/11/2023 21:56:00,176.21,1443.65,89511.9,0,,,,,,
28/11/2023 21:57:00,187.23,1443.65,90008.5,0,,,,,,
28/11/2023 21:58:00,184.28,1443.65,90500.2,0,,,,,,
28/11/2023 21:59:00,181.21,1443.65,90991.5,0,,,,,,
28/11/2023 22:00:00,179.39,1443.65,91480.9,0,,,,,,
28/11/2023 22:01:00,178.29,1443.65,91970.7,0,,,,,,
28/11/2023 22:02:00,180.63,1443.65,92463,0,,,,,,
28/11/2023 22:03:00,181.17,1443.65,92958.6,0,,,,,,
28/11/2023 22:04:00,182.47,1443.65,93457.4,0,,,,,,
28/11/2023 22:05:00,183.65,1443.66,93941.9,0,,,,,,
28/11/2023 22:06:00,183.49,1443.67,94428.6,0,,,,,,
28/11/2023 22:07:00,181.28,1443.67,94912.6,0,,,,,,
28/11/2023 22:08:00,180.10,1443.66,95402.8,0,,,,,,
28/11/2023 22:09:00,183.45,1443.67,95889.7,0,,,,,,
28/11/2023 22:10:00,182.62,1443.66,96378.2,0,,,,,,
28/11/2023 22:11:00,181.30,1443.66,96866.8,0,,,,,,
28/11/2023 22:12:00,184.73,1443.67,97352.5,0,,,,,,
28/11/2023 22:13:00,182.81,1443.67,97838.3,0,,,,,,
28/11/2023 22:14:00,183.94,1443.67,98324.6,0,,,,,,
28/11/2023 22:15:00,185.49,1443.68,98815.4,0,,,,,,
28/11/2023 22:16:00,177.70,1443.68,99297.3,0,,,,,,
28/11/2023 22:17:00,178.29,1443.67,99778.2,0,,,,,,
28/11/2023 22:18:00,182.12,1443.67,100267,0,,,,,,
28/11/2023 22:19:00,184.63,1443.66,100755,0,,,,,,
28/11/2023 22:20:00,175.35,1443.66,101249,0,,,,,,
28/11/2023 22:21:00,178.33,1443.66,101743,0,,,,,,
28/11/2023 22:22:00,186.14,1443.66,102236,0,,,,,,
28/11/2023 22:23:00,183.26,1443.67,102731,0,,,,,,
28/11/2023 22:24:00,177.79,1443.67,103217,0,,,,,,
28/11/2023 22:25:00,178.35,1443.67,103710,0,,,,,,
28/11/2023 22:26:00,184.51,1443.66,104204,0,,,,,,
28/11/2023 22:27:00,185.62,1443.66,104706,0,,,,,,
28/11/2023 22:28:00,181.67,1443.65,105196,0,,,,,,
28/11/2023 22:29:00,181.92,1443.66,105689,0,,,,,,
28/11/2023 22:30:00,179.82,1443.65,106187,0,,,,,,
28/11/2023 22:31:00,181.11,1443.66,106686,0,,,,,,
28/11/2023 22:32:00,182.70,1443.66,107178,0,,,,,,
28/11/2023 22:33:00,185.56,1443.67,107671,0,,,,,,
28/11/2023 22:34:00,184.90,1443.68,108163,0,,,,,,
28/11/2023 22:35:00,182.09,1443.68,108653,0,,,,,,
28/11/2023 22:36:00,183.90,1443.68,109152,0,,,,,,
28/11/2023 22:37:00,182.46,1443.67,109640,0,,,,,,
28/11/2023 22:38:00,182.77,1443.67,110130,0,,,,,,
28/11/2023 22:39:00,182.14,1443.66,110611,0,,,,,,
28/11/2023 22:40:00,182.76,1443.67,111110,0,,,,,,
28/11/2023 22:41:00,183.65,1443.67,111600,0,,,,,,
28/11/2023 22:42:00,180.38,1443.68,112100,0,,,,,,
28/11/2023 22:43:00,181.01,1443.68,112591,0,,,,,,
28/11/2023 22:44:00,180.96,1443.68,113075,0,,,,,,
28/11/2023 22:45:00,182.63,1443.68,113562,0,,,,,,
28/11/2023 22:46:00,183.91,1443.68,114047,0,,,,,,
28/11/2023 22:47:00,179.49,1443.68,114533,0,,,,,,
28/11/2023 22:48:00,181.33,1443.68,115015,0,,,,,,
28/11/2023 22:49:00,183.08,1443.68,115495,0,,,,,,
28/11/2023 22:50:00,184.16,1443.68,115967,0,,,,,,
28/11/2023 22:51:00,181.96,1443.69,116451,0,,,,,,
28/11/2023 22:52:00,184.09,1443.66,116932,0,,,,,,
28/11/2023 22:53:00,180.79,1443.69,117424,0,,,,,,
28/11/2023 22:54:00,182.19,1443.68,117909,0,,,,,,
28/11/2023 22:55:00,180.50,1443.67,118399,0,,,,,,
28/11/2023 22:56:00,185.40,1443.69,118883,0,,,,,,
28/11/2023 22:57:00,183.00,1443.68,119375,0,,,,,,
28/11/2023 22:58:00,179.15,1443.68,119858,0,,,,,,
28/11/2023 22:59:00,181.62,1443.69,120348,0,,,,,,
28/11/2023 23:00:00,183.58,1443.68,120840,0,,,,,,
28/11/2023 23:01:00,172.38,1443.7,121323,0,,,,,,
28/11/2023 23:02:00,174.44,1443.68,121812,0,,,,,,
28/11/2023 23:03:00,173.62,1443.69,122303,0,,,,,,
28/11/2023 23:04:00,169.96,1443.69,122793,0,,,,,,
28/11/2023 23:05:00,168.98,1443.69,123285,0,,,,,,
28/11/2023 23:06:00,175.87,1443.69,123776,0,,,,,,
28/11/2023 23:07:00,169.23,1443.68,124263,0,,,,,,
28/11/2023 23:08:00,169.68,1443.67,124757,0,,,,,,
28/11/2023 23:09:00,172.15,1443.68,125245,0,,,,,,
28/11/2023 23:10:00,170.79,1443.68,125739,0,,,,,,
28/11/2023 23:11:00,173.80,1443.68,126222,0,,,,,,
28/11/2023 23:12:00,173.04,1443.7,126711,0,,,,,,
28/11/2023 23:13:00,169.94,1443.7,127201,0,,,,,,
28/11/2023 23:14:00,176.53,1443.69,127690,0,,,,,,
28/11/2023 23:15:00,173.73,1443.68,128180,0,,,,,,
28/11/2023 23:16:00,176.02,1443.69,128669,0,,,,,,
28/11/2023 23:17:00,173.73,1443.69,129159,0,,,,,,
28/11/2023 23:18:00,173.47,1443.69,129648,0,,,,,,
28/11/2023 23:19:00,176.20,1443.7,130129,0,,,,,,
28/11/2023 23:20:00,172.36,1443.69,130613,0,,,,,,
28/11/2023 23:21:00,169.71,1443.69,131106,0,,,,,,
28/11/2023 23:22:00,169.85,1443.7,131594,0,,,,,,
28/11/2023 23:23:00,173.22,1443.69,132083,0,,,,,,
28/11/2023 23:24:00,172.96,1443.7,132566,0,,,,,,
28/11/2023 23:25:00,175.43,1443.69,133059,0,,,,,,
28/11/2023 23:26:00,170.04,1443.69,133553,0,,,,,,
28/11/2023 23:27:00,174.78,1443.7,134044,0,,,,,,
28/11/2023 23:28:00,173.92,1443.7,134534,0,,,,,,
28/11/2023 23:29:00,172.22,1443.69,135021,0,,,,,,
28/11/2023 23:30:00,171.85,1443.7,135504,0,,,,,,
28/11/2023 23:31:00,170.80,1443.7,135987,0,,,,,,
28/11/2023 23:32:00,171.74,1443.69,136476,0,,,,,,
28/11/2023 23:33:00,172.93,1443.69,136961,0,,,,,,
28/11/2023 23:34:00,170.76,1443.7,137445,0,,,,,,
28/11/2023 23:35:00,175.22,1443.7,137921,0,,,,,,
28/11/2023 23:36:00,176.48,1443.69,138408,0,,,,,,
28/11/2023 23:37:00,173.59,1443.7,138890,0,,,,,,
28/11/2023 23:38:00,175.08,1443.7,139370,0,,,,,,
28/11/2023 23:39:00,171.36,1443.7,139853,0,,,,,,
28/11/2023 23:40:00,174.30,1443.7,140333,0,,,,,,
28/11/2023 23:41:00,171.92,1443.71,140818,0,,,,,,
28/11/2023 23:42:00,174.07,1443.7,141305,0,,,,,,
28/11/2023 23:43:00,173.54,1443.71,141786,0,,,,,,
28/11/2023 23:44:00,173.73,1443.71,142270,0,,,,,,
28/11/2023 23:45:00,173.50,1443.7,142761,0,,,,,,
28/11/2023 23:46:00,172.18,1443.7,143250,0,,,,,,
28/11/2023 23:47:00,173.54,1443.7,143743,0,,,,,,
28/11/2023 23:48:00,172.09,1443.69,144230,0,,,,,,
28/11/2023 23:49:00,172.89,1443.7,144716,0,,,,,,
28/11/2023 23:50:00,169.82,1443.68,145206,0,,,,,,
28/11/2023 23:51:00,169.96,1443.68,145699,0,,,,,,
28/11/2023 23:52:00,172.29,1443.69,146183,0,,,,,,
28/11/2023 23:53:00,173.94,1443.7,146666,0,,,,,,
28/11/2023 23:54:00,171.79,1443.68,147158,0,,,,,,
28/11/2023 23:55:00,173.01,1443.69,147644,0,,,,,,
28/11/2023 23:56:00,172.03,1443.7,148126,0,,,,,,
28/11/2023 23:57:00,170.84,1443.7,148620,0,,,,,,
28/11/2023 23:58:00,175.07,1443.7,149102,0,,,,,,
28/11/2023 23:59:00,171.79,1443.7,149583,0,,,,,,
29/11/2023 00:00:00,173.19,1443.7,150072,0,,,,,,
29/11/2023 00:01:00,176.88,1443.7,150558,0,,,,,,
29/11/2023 00:02:00,175.73,1443.7,151047,0,,,,,,
29/11/2023 00:03:00,174.52,1443.7,151537,0,,,,,,
29/11/2023 00:04:00,177.43,1443.7,152021,0,,,,,,
29/11/2023 00:05:00,174.62,1443.69,152512,0,,,,,,
29/11/2023 00:06:00,175.89,1443.7,153002,0,,,,,,
29/11/2023 00:07:00,178.40,1443.7,153490,0,,,,,,
29/11/2023 00:08:00,179.10,1443.7,153981,0,,,,,,
29/11/2023 00:09:00,179.19,1443.71,154465,0,,,,,,
29/11/2023 00:10:00,176.57,1444.48,155078,0,,,,,,
29/11/2023 00:11:00,176.35,1444.2,155779,0,,,,,,
29/11/2023 00:12:00,177.56,1444.15,156474,0,,,,,,
29/11/2023 00:13:00,174.70,1444.13,157164,0,,,,,,
29/11/2023 00:14:00,175.37,1444.14,157855,0,,,,,,
29/11/2023 00:15:00,177.55,1444.13,158546,0,,,,,,
29/11/2023 00:16:00,174.67,1444.12,159233,0,,,,,,
29/11/2023 00:17:00,175.75,1444.12,159916,0,,,,,,
29/11/2023 00:18:00,174.75,1444.11,160603,0,,,,,,
29/11/2023 00:19:00,177.78,1444.11,161288,0,,,,,,
29/11/2023 00:20:00,179.75,1444.1,161968,0,,,,,,
29/11/2023 00:21:00,179.01,1444.09,162655,0,,,,,,
29/11/2023 00:22:00,180.67,1444.12,163342,0,,,,,,
29/11/2023 00:23:00,177.23,1444.11,164028,0,,,,,,
29/11/2023 00:24:00,175.33,1444.1,164718,0,,,,,,
29/11/2023 00:25:00,171.79,1444.12,165409,0,,,,,,
29/11/2023 00:26:00,176.63,1444.09,166098,0,,,,,,
29/11/2023 00:27:00,178.77,1444.1,166775,0,,,,,,
29/11/2023 00:28:00,173.79,1444.11,167471,0,,,,,,
29/11/2023 00:29:00,172.78,1444.1,168170,0,,,,,,
29/11/2023 00:30:00,176.28,1444.11,168859,0,,,,,,
29/11/2023 00:31:00,176.14,1444.11,169550,0,,,,,,
29/11/2023 00:32:00,172.92,1444.11,170242,0,,,,,,
29/11/2023 00:33:00,175.64,1444.11,170925,0,,,,,,
29/11/2023 00:34:00,176.69,1444.11,171607,0,,,,,,
29/11/2023 00:35:00,175.51,1444.11,172298,0,,,,,,
29/11/2023 00:36:00,177.30,1444.1,172978,0,,,,,,
29/11/2023 00:37:00,177.23,1444.11,173665,0,,,,,,
29/11/2023 00:38:00,178.84,1444.11,174362,0,,,,,,
29/11/2023 00:39:00,176.51,1444.12,175051,0,,,,,,
29/11/2023 00:40:00,175.56,1444.11,175746,0,,,,,,
29/11/2023 00:41:00,178.38,1444.13,176440,0,,,,,,
29/11/2023 00:42:00,176.12,1444.12,177130,0,,,,,,
29/11/2023 00:43:00,177.40,1444.13,177829,0,,,,,,
29/11/2023 00:44:00,176.55,1444.12,178526,0,,,,,,
29/11/2023 00:45:00,176.24,1444.12,179222,0,,,,,,
29/11/2023 00:46:00,179.03,1444.12,179914,0,,,,,,
29/11/2023 00:47:00,176.27,1444.12,180595,0,,,,,,
29/11/2023 00:48:00,176.32,1444.13,181281,0,,,,,,
29/11/2023 00:49:00,172.49,1444.12,181966,0,,,,,,
29/11/2023 00:50:00,175.89,1444.14,182646,0,,,,,,
29/11/2023 00:51:00,177.10,1444.14,183328,0,,,,,,
29/11/2023 00:52:00,179.82,1444.11,184015,0,,,,,,
29/11/2023 00:53:00,179.91,1444.11,184702,0,,,,,,
29/11/2023 00:54:00,175.67,1444.11,185390,0,,,,,,
29/11/2023 00:55:00,177.05,1444.11,186075,0,,,,,,
29/11/2023 00:56:00,176.84,1444.12,186757,0,,,,,,
29/11/2023 00:57:00,175.54,1444.13,187441,0,,,,,,
29/11/2023 00:58:00,177.39,1444.11,188124,0,,,,,,
29/11/2023 00:59:00,176.68,1444.11,188803,0,,,,,,
29/11/2023 01:00:00,175.33,1444.13,189492,0,,,,,,
29/11/2023 01:01:00,179.23,1444.12,190174,0,,,,,,
29/11/2023 01:02:00,183.85,1444.12,190854,0,,,,,,
29/11/2023 01:03:00,181.90,1444.12,191532,0,,,,,,
29/11/2023 01:04:00,178.91,1444.12,192206,0,,,,,,
29/11/2023 01:05:00,182.09,1444.11,192905,0,,,,,,
29/11/2023 01:06:00,179.10,1444.13,193597,0,,,,,,
29/11/2023 01:07:00,183.20,1444.11,194286,0,,,,,,
29/11/2023 01:08:00,180.21,1444.13,194965,0,,,,,,
29/11/2023 01:09:00,181.95,1444.12,195647,0,,,,,,
29/11/2023 01:10:00,182.81,1444.11,196340,0,,,,,,
29/11/2023 01:11:00,177.27,1444.11,197031,0,,,,,,
29/11/2023 01:12:00,180.39,1444.13,197720,0,,,,,,
29/11/2023 01:13:00,181.19,1444.12,198402,0,,,,,,
29/11/2023 01:14:00,178.87,1444.12,199078,0,,,,,,
29/11/2023 01:15:00,182.61,1444.11,199752,0,,,,,,
29/11/2023 01:16:00,181.31,1444.12,200436,0,,,,,,
29/11/2023 01:17:00,182.10,1444.11,201119,0,,,,,,
29/11/2023 01:18:00,183.89,1444.12,201796,0,,,,,,
29/11/2023 01:19:00,180.36,1444.12,202478,0,,,,,,
29/11/2023 01:20:00,182.13,1444.11,203156,0,,,,,,
29/11/2023 01:21:00,180.26,1444.12,203839,0,,,,,,
29/11/2023 01:22:00,178.54,1444.11,204516,0,,,,,,
29/11/2023 01:23:00,182.43,1444.11,205190,0,,,,,,
29/11/2023 01:24:00,182.11,1444.13,205876,0,,,,,,
29/11/2023 01:25:00,183.02,1444.11,206548,0,,,,,,
29/11/2023 01:26:00,181.86,1444.11,207235,0,,,,,,
29/11/2023 01:27:00,181.19,1444.12,207902,0,,,,,,
29/11/2023 01:28:00,182.96,1444.11,208581,0,,,,,,
29/11/2023 01:29:00,180.50,1444.12,209257,0,,,,,,
29/11/2023 01:30:00,179.58,1444.12,209935,0,,,,,,
29/11/2023 01:31:00,182.41,1444.12,210615,0,,,,,,
29/11/2023 01:32:00,180.27,1444.12,211299,0,,,,,,
29/11/2023 01:33:00,186.50,1444.12,211987,0,,,,,,
29/11/2023 01:34:00,182.76,1444.13,212678,0,,,,,,
29/11/2023 01:35:00,180.69,1444.12,213370,0,,,,,,
29/11/2023 01:36:00,178.84,1444.12,214054,0,,,,,,
29/11/2023 01:37:00,180.35,1444.12,214752,0,,,,,,
29/11/2023 01:38:00,178.40,1443.74,215326,0,,,,,,
29/11/2023 01:39:00,181.59,1443.74,215812,0,,,,,,
29/11/2023 01:40:00,179.83,1443.74,216295,0,,,,,,
29/11/2023 01:41:00,183.05,1443.73,216783,0,,,,,,
29/11/2023 01:42:00,179.11,1443.73,217266,0,,,,,,
29/11/2023 01:43:00,179.70,1443.73,217748,0,,,,,,
29/11/2023 01:44:00,181.85,1443.73,218232,0,,,,,,
29/11/2023 01:45:00,184.41,1443.73,218721,0,,,,,,
29/11/2023 01:46:00,181.73,1443.74,219207,0,,,,,,
29/11/2023 01:47:00,177.47,1443.73,219685,0,,,,,,
29/11/2023 01:48:00,180.46,1443.73,220165,0,,,,,,
29/11/2023 01:49:00,177.13,1443.74,220650,0,,,,,,
29/11/2023 01:50:00,178.45,1443.74,221136,0,,,,,,
29/11/2023 01:51:00,183.34,1443.73,221621,0,,,,,,
29/11/2023 01:52:00,176.24,1443.73,222108,0,,,,,,
29/11/2023 01:53:00,183.25,1443.73,222598,0,,,,,,
29/11/2023 01:54:00,184.88,1443.73,223083,0,,,,,,
29/11/2023 01:55:00,184.50,1443.73,223572,0,,,,,,
29/11/2023 01:56:00,183.94,1443.73,224052,0,,,,,,
29/11/2023 01:57:00,181.25,1443.74,224531,0,,,,,,
29/11/2023 01:58:00,179.93,1443.73,225012,0,,,,,,
29/11/2023 01:59:00,180.78,1443.74,225499,0,,,,,,
29/11/2023 02:00:00,182.84,1443.73,225985,0,,,,,,
29/11/2023 02:01:00,181.66,1443.74,226470,0,,,,,,
29/11/2023 02:02:00,182.56,1443.73,226952,0,,,,,,
29/11/2023 02:03:00,180.78,1443.72,227440,0,,,,,,
29/11/2023 02:04:00,181.50,1443.73,227927,0,,,,,,
29/11/2023 02:05:00,185.29,1443.73,228413,0,,,,,,
29/11/2023 02:06:00,179.94,1443.73,228903,0,,,,,,
29/11/2023 02:07:00,182.34,1443.74,229391,0,,,,,,
29/11/2023 02:08:00,179.97,1443.73,229878,0,,,,,,
29/11/2023 02:09:00,180.06,1443.73,230364,0,,,,,,
29/11/2023 02:10:00,181.09,1443.73,230842,0,,,,,,
29/11/2023 02:11:00,179.69,1443.73,231326,0,,,,,,
29/11/2023 02:12:00,180.61,1443.72,231805,0,,,,,,
29/11/2023 02:13:00,186.78,1443.73,232286,0,,,,,,
29/11/2023 02:14:00,180.44,1443.73,232764,0,,,,,,
29/11/2023 02:15:00,181.41,1443.72,233244,0,,,,,,
29/11/2023 02:16:00,177.56,1443.73,233721,0,,,,,,
29/11/2023 02:17:00,176.95,1443.72,234200,0,,,,,,
29/11/2023 02:18:00,180.67,1443.72,234680,0,,,,,,
29/11/2023 02:19:00,179.25,1443.73,235159,0,,,,,,
29/11/2023 02:20:00,180.58,1443.72,235640,0,,,,,,
29/11/2023 02:21:00,182.48,1443.72,236114,0,,,,,,
29/11/2023 02:22:00,181.65,1443.72,236594,0,,,,,,
29/11/2023 02:23:00,180.78,1443.74,237072,0,,,,,,
29/11/2023 02:24:00,180.94,1443.72,237548,0,,,,,,
29/11/2023 02:25:00,182.86,1443.72,238030,0,,,,,,
29/11/2023 02:26:00,179.65,1443.71,238509,0,,,,,,
29/11/2023 02:27:00,179.99,1443.72,238988,0,,,,,,
29/11/2023 02:28:00,182.86,1443.71,239469,0,,,,,,
29/11/2023 02:29:00,184.55,1443.72,239947,0,,,,,,
29/11/2023 02:30:00,179.16,1443.73,240427,0,,,,,,
29/11/2023 02:31:00,177.53,1443.72,240908,0,,,,,,
29/11/2023 02:32:00,179.25,1443.73,241386,0,,,,,,
29/11/2023 02:33:00,182.29,1443.71,241860,0,,,,,,
29/11/2023 02:34:00,180.18,1443.72,242343,0,,,,,,
29/11/2023 02:35:00,183.06,1443.72,242826,0,,,,,,
29/11/2023 02:36:00,182.84,1443.73,243307,0,,,,,,
29/11/2023 02:37:00,180.64,1443.72,243785,0,,,,,,
29/11/2023 02:38:00,183.09,1443.72,244264,0,,,,,,
29/11/2023 02:39:00,179.84,1443.72,244734,0,,,,,,
29/11/2023 02:40:00,182.50,1443.73,245210,0,,,,,,
29/11/2023 02:41:00,178.28,1443.72,245691,0,,,,,,
29/11/2023 02:42:00,182.47,1443.72,246173,0,,,,,,
29/11/2023 02:43:00,180.91,1443.71,246660,0,,,,,,
29/11/2023 02:44:00,181.88,1443.73,247139,0,,,,,,
29/11/2023 02:45:00,179.83,1443.72,247617,0,,,,,,
29/11/2023 02:46:00,182.13,1443.72,248091,0,,,,,,
29/11/2023 02:47:00,178.89,1443.71,248572,0,,,,,,
29/11/2023 02:48:00,183.53,1443.71,249039,0,,,,,,
29/11/2023 02:49:00,180.54,1443.72,249516,0,,,,,,
29/11/2023 02:50:00,181.24,1443.73,249992,0,,,,,,
29/11/2023 02:51:00,182.82,1443.73,250466,0,,,,,,
29/11/2023 02:52:00,181.18,1443.72,250943,0,,,,,,
29/11/2023 02:53:00,181.83,1443.71,251418,0,,,,,,
29/11/2023 02:54:00,182.74,1443.72,251895,0,,,,,,
29/11/2023 02:55:00,181.92,1443.72,252376,0,,,,,,
29/11/2023 02:56:00,181.46,1443.73,252857,0,,,,,,
29/11/2023 02:57:00,183.13,1443.72,253335,0,,,,,,
29/11/2023 02:58:00,181.52,1443.73,253820,0,,,,,,
29/11/2023 02:59:00,182.70,1443.72,254300,0,,,,,,
29/11/2023 03:00:00,178.97,1443.71,254781,0,,,,,,
29/11/2023 03:01:00,176.27,1443.71,255264,0,,,,,,
29/11/2023 03:02:00,178.08,1443.72,255745,0,,,,,,
29/11/2023 03:03:00,183.48,1443.72,256220,0,,,,,,
29/11/2023 03:04:00,178.92,1443.72,256705,0,,,,,,
29/11/2023 03:05:00,182.41,1443.72,257188,0,,,,,,
29/11/2023 03:06:00,175.34,1443.73,257674,0,,,,,,
29/11/2023 03:07:00,183.96,1443.72,258160,0,,,,,,
29/11/2023 03:08:00,182.05,1443.73,258648,0,,,,,,
29/11/2023 03:09:00,182.29,1443.72,259133,0,,,,,,
29/11/2023 03:10:00,184.43,1443.73,259612,0,,,,,,
29/11/2023 03:11:00,180.94,1443.73,260095,0,,,,,,
29/11/2023 03:12:00,178.76,1443.74,260576,0,,,,,,
29/11/2023 03:13:00,177.44,1443.73,261069,0,,,,,,
29/11/2023 03:14:00,180.42,1443.73,261556,0,,,,,,
29/11/2023 03:15:00,181.83,1443.73,262038,0,,,,,,
29/11/2023 03:16:00,180.22,1443.73,262523,0,,,,,,
29/11/2023 03:17:00,179.65,1443.73,263006,0,,,,,,
29/11/2023 03:18:00,178.80,1443.73,263488,0,,,,,,
29/11/2023 03:19:00,183.24,1443.73,263957,0,,,,,,
29/11/2023 03:20:00,182.05,1443.74,264438,0,,,,,,
29/11/2023 03:21:00,180.39,1443.74,264917,0,,,,,,
29/11/2023 03:22:00,178.38,1443.73,265394,0,,,,,,
29/11/2023 03:23:00,177.59,1443.72,265869,0,,,,,,
29/11/2023 03:24:00,182.06,1443.75,266347,0,,,,,,
29/11/2023 03:25:00,182.88,1444.52,266911,0,,,,,,
29/11/2023 03:26:00,179.48,1444.22,267591,0,,,,,,
29/11/2023 03:27:00,179.77,1444.16,268263,0,,,,,,
29/11/2023 03:28:00,181.35,1444.15,268951,0,,,,,,
29/11/2023 03:29:00,179.69,1444.14,269620,0,,,,,,
29/11/2023 03:30:00,181.23,1444.14,270300,0,,,,,,
29/11/2023 03:31:00,183.39,1444.14,270982,0,,,,,,
29/11/2023 03:32:00,179.09,1444.14,271661,0,,,,,,
29/11/2023 03:33:00,182.96,1444.13,272331,0,,,,,,
29/11/2023 03:34:00,184.11,1444.13,273005,0,,,,,,
29/11/2023 03:35:00,182.32,1444.12,273681,0,,,,,,
29/11/2023 03:36:00,179.22,1444.12,274361,0,,,,,,
29/11/2023 03:37:00,184.25,1444.12,275035,0,,,,,,
29/11/2023 03:38:00,181.60,1444.12,275717,0,,,,,,
29/11/2023 03:39:00,178.23,1444.13,276384,0,,,,,,
29/11/2023 03:40:00,178.64,1444.13,277060,0,,,,,,
29/11/2023 03:41:00,177.99,1444.13,277740,0,,,,,,
29/11/2023 03:42:00,181.73,1444.12,278421,0,,,,,,
29/11/2023 03:43:00,182.91,1444.13,279101,0,,,,,,
29/11/2023 03:44:00,181.82,1444.13,279788,0,,,,,,
29/11/2023 03:45:00,179.60,1444.13,280476,0,,,,,,
29/11/2023 03:46:00,181.71,1444.12,281145,0,,,,,,
29/11/2023 03:47:00,178.53,1444.12,281834,0,,,,,,
29/11/2023 03:48:00,182.96,1444.12,282510,0,,,,,,
29/11/2023 03:49:00,180.87,1444.13,283189,0,,,,,,
29/11/2023 03:50:00,182.17,1444.13,283871,0,,,,,,
29/11/2023 03:51:00,181.36,1444.13,284537,0,,,,,,
29/11/2023 03:52:00,178.75,1444.12,285207,0,,,,,,
29/11/2023 03:53:00,178.77,1444.13,285892,0,,,,,,
29/11/2023 03:54:00,176.93,1444.13,286571,0,,,,,,
29/11/2023 03:55:00,180.48,1444.12,287242,0,,,,,,
29/11/2023 03:56:00,181.75,1444.13,287922,0,,,,,,
29/11/2023 03:57:00,178.61,1444.13,288605,0,,,,,,
29/11/2023 03:58:00,179.80,1444.13,289282,0,,,,,,
29/11/2023 03:59:00,183.10,1444.13,289969,0,,,,,,
29/11/2023 04:00:00,179.61,1444.13,290650,0,,,,,,
29/11/2023 04:01:00,179.72,1444.13,291339,0,,,,,,
29/11/2023 04:02:00,181.82,1444.13,292021,0,,,,,,
29/11/2023 04:03:00,179.62,1444.13,292703,0,,,,,,
29/11/2023 04:04:00,181.80,1444.12,293389,0,,,,,,
29/11/2023 04:05:00,186.17,1444.12,294086,0,,,,,,
29/11/2023 04:06:00,182.70,1444.13,294776,0,,,,,,
29/11/2023 04:07:00,181.09,1444.13,295459,0,,,,,,
29/11/2023 04:08:00,183.71,1444.13,296139,0,,,,,,
29/11/2023 04:09:00,183.77,1444.13,296832,0,,,,,,
29/11/2023 04:10:00,178.36,1444.14,297520,0,,,,,,
29/11/2023 04:11:00,180.26,1444.13,298205,0,,,,,,
29/11/2023 04:12:00,183.43,1444.12,298876,0,,,,,,
29/11/2023 04:13:00,180.77,1444.14,299560,0,,,,,,
29/11/2023 04:14:00,183.88,1444.13,300236,0,,,,,,
29/11/2023 04:15:00,180.73,1444.15,300921,0,,,,,,
29/11/2023 04:16:00,181.41,1444.13,301599,0,,,,,,
29/11/2023 04:17:00,181.91,1444.13,302286,0,,,,,,
29/11/2023 04:18:00,176.88,1444.13,302963,0,,,,,,
29/11/2023 04:19:00,180.18,1444.13,303645,0,,,,,,
29/11/2023 04:20:00,180.68,1444.13,304336,0,,,,,,
29/11/2023 04:21:00,180.04,1444.13,305025,0,,,,,,
29/11/2023 04:22:00,181.21,1444.14,305700,0,,,,,,
29/11/2023 04:23:00,179.10,1444.13,306382,0,,,,,,
29/11/2023 04:24:00,182.83,1444.12,307064,0,,,,,,
29/11/2023 04:25:00,178.65,1444.12,307744,0,,,,,,
29/11/2023 04:26:00,179.09,1444.13,308422,0,,,,,,
29/11/2023 04:27:00,179.34,1444.12,309082,0,,,,,,
29/11/2023 04:28:00,182.29,1444.13,309761,0,,,,,,
29/11/2023 04:29:00,181.67,1444.13,310443,0,,,,,,
29/11/2023 04:30:00,179.70,1444.12,311136,0,,,,,,
29/11/2023 04:31:00,183.46,1444.13,311821,0,,,,,,
29/11/2023 04:32:00,178.80,1444.13,312503,0,,,,,,
29/11/2023 04:33:00,184.15,1444.11,313192,0,,,,,,
29/11/2023 04:34:00,179.42,1444.13,313872,0,,,,,,
29/11/2023 04:35:00,182.12,1444.13,314553,0,,,,,,
29/11/2023 04:36:00,182.51,1444.13,315234,0,,,,,,
29/11/2023 04:37:00,180.55,1444.13,315911,0,,,,,,
29/11/2023 04:38:00,184.39,1444.13,316591,0,,,,,,
29/11/2023 04:39:00,175.39,1444.13,317273,0,,,,,,
29/11/2023 04:40:00,178.29,1444.13,317953,0,,,,,,
29/11/2023 04:41:00,177.16,1444.13,318631,0,,,,,,
29/11/2023 04:42:00,179.71,1444.12,319300,0,,,,,,
29/11/2023 04:43:00,184.12,1444.14,319984,0,,,,,,
29/11/2023 04:44:00,181.31,1444.13,320667,0,,,,,,
29/11/2023 04:45:00,182.05,1444.15,321346,0,,,,,,
29/11/2023 04:46:00,179.43,1444.13,322029,0,,,,,,
29/11/2023 04:47:00,182.26,1444.13,322710,0,,,,,,
29/11/2023 04:48:00,180.51,1444.13,323394,0,,,,,,
29/11/2023 04:49:00,178.03,1444.11,324073,0,,,,,,
29/11/2023 04:50:00,179.22,1444.13,324753,0,,,,,,
29/11/2023 04:51:00,178.42,1444.13,325435,0,,,,,,
29/11/2023 04:52:00,184.44,1444.13,326114,0,,,,,,
29/11/2023 04:53:00,180.94,1444.13,326794,0,,,,,,
29/11/2023 04:54:00,176.52,1444.13,327476,0,,,,,,
29/11/2023 04:55:00,178.69,1444.13,328145,0,,,,,,
29/11/2023 04:56:00,182.27,1444.13,328827,0,,,,,,
29/11/2023 04:57:00,175.91,1444.12,329503,0,,,,,,
29/11/2023 04:58:00,180.22,1444.12,330182,0,,,,,,
29/11/2023 04:59:00,181.74,1444.12,330860,0,,,,,,
29/11/2023 05:00:00,180.59,1444.13,331546,0,,,,,,
29/11/2023 05:01:00,180.63,1444.12,332233,0,,,,,,
29/11/2023 05:02:00,178.96,1444.13,332925,0,,,,,,
29/11/2023 05:03:00,176.60,1444.12,333607,0,,,,,,
29/11/2023 05:04:00,182.10,1444.14,334296,0,,,,,,
29/11/2023 05:05:00,179.46,1444.12,334980,0,,,,,,
29/11/2023 05:06:00,181.94,1444.14,335655,0,,,,,,
29/11/2023 05:07:00,179.24,1444.12,336332,0,,,,,,
29/11/2023 05:08:00,181.50,1444.13,337016,0,,,,,,
29/11/2023 05:09:00,177.82,1444.12,337700,0,,,,,,
29/11/2023 05:10:00,184.26,1444.13,338377,0,,,,,,
29/11/2023 05:11:00,179.67,1444.12,339055,0,,,,,,
29/11/2023 05:12:00,182.00,1444.13,339731,0,,,,,,
29/11/2023 05:13:00,181.18,1444.12,340415,0,,,,,,
29/11/2023 05:14:00,182.17,1444.12,341088,0,,,,,,
29/11/2023 05:15:00,180.19,1444.13,341768,0,,,,,,
29/11/2023 05:16:00,183.26,1444.13,342443,0,,,,,,
29/11/2023 05:17:00,180.46,1444.12,343118,0,,,,,,
29/11/2023 05:18:00,181.82,1444.12,343792,0,,,,,,
29/11/2023 05:19:00,179.67,1444.12,344468,0,,,,,,
29/11/2023 05:20:00,182.93,1444.11,345151,0,,,,,,
29/11/2023 05:21:00,179.02,1444.11,345844,0,,,,,,
29/11/2023 05:22:00,174.82,1444.13,346525,0,,,,,,
29/11/2023 05:23:00,181.40,1444.1,347204,0,,,,,,
29/11/2023 05:24:00,180.57,1444.11,347881,0,,,,,,
29/11/2023 05:25:00,181.43,1444.13,348568,0,,,,,,
29/11/2023 05:26:00,180.88,1444.11,349248,0,,,,,,
29/11/2023 05:27:00,183.84,1444.12,349931,0,,,,,,
29/11/2023 05:28:00,182.95,1444.12,350609,0,,,,,,
29/11/2023 05:29:00,180.73,1444.12,351296,0,,,,,,
29/11/2023 05:30:00,179.78,1444.12,351968,0,,,,,,
29/11/2023 05:31:00,181.54,1444.12,352643,0,,,,,,
29/11/2023 05:32:00,180.71,1444.11,353321,0,,,,,,
29/11/2023 05:33:00,177.64,1444.11,353992,0,,,,,,
29/11/2023 05:34:00,181.15,1444.11,354666,0,,,,,,
29/11/2023 05:35:00,180.06,1444.11,355335,0,,,,,,
29/11/2023 05:36:00,180.14,1444.13,356005,0,,,,,,
29/11/2023 05:37:00,181.83,1444.11,356677,0,,,,,,
29/11/2023 05:38:00,178.02,1444.11,357359,0,,,,,,
29/11/2023 05:39:00,180.02,1444.1,358038,0,,,,,,
29/11/2023 05:40:00,182.02,1444.13,358715,0,,,,,,
29/11/2023 05:41:00,179.42,1444.11,359397,0,,,,,,
29/11/2023 05:42:00,182.04,1444.12,360072,0,,,,,,
29/11/2023 05:43:00,184.29,1444.12,360752,0,,,,,,
29/11/2023 05:44:00,181.36,1444.11,361423,0,,,,,,
29/11/2023 05:45:00,181.22,1444.11,362099,0,,,,,,
29/11/2023 05:46:00,181.63,1444.12,362765,0,,,,,,
29/11/2023 05:47:00,178.32,1444.11,363437,0,,,,,,
29/11/2023 05:48:00,181.23,1444.12,364113,0,,,,,,
29/11/2023 05:49:00,178.61,1444.1,364786,0,,,,,,
29/11/2023 05:50:00,177.34,1444.09,365460,0,,,,,,
29/11/2023 05:51:00,180.51,1444.09,366141,0,,,,,,
29/11/2023 05:52:00,183.73,1444.1,366818,0,,,,,,
29/11/2023 05:53:00,183.53,1444.11,367491,0,,,,,,
29/11/2023 05:54:00,178.90,1444.12,368163,0,,,,,,
29/11/2023 05:55:00,178.92,1444.11,368843,0,,,,,,
29/11/2023 05:56:00,182.63,1444.11,369521,0,,,,,,
29/11/2023 05:57:00,184.42,1444.1,370197,0,,,,,,
29/11/2023 05:58:00,182.25,1444.09,370869,0,,,,,,
29/11/2023 05:59:00,183.49,1444.1,371552,0,,,,,,
29/11/2023 06:00:00,181.32,1444.11,372232,0,,,,,,
29/11/2023 06:01:00,181.50,1444.1,372918,0,,,,,,
29/11/2023 06:02:00,178.12,1444.08,373583,0,,,,,,
29/11/2023 06:03:00,178.60,1444.09,374263,0,,,,,,
29/11/2023 06:04:00,181.42,1444.1,374936,0,,,,,,
29/11/2023 06:05:00,182.15,1444.11,375613,0,,,,,,
29/11/2023 06:06:00,183.28,1444.1,376294,0,,,,,,
29/11/2023 06:07:00,180.42,1444.1,376981,0,,,,,,
29/11/2023 06:08:00,180.67,1444.1,377659,0,,,,,,
29/11/2023 06:09:00,179.10,1444.11,378334,0,,,,,,
29/11/2023 06:10:00,180.68,1444.1,379006,0,,,,,,
29/11/2023 06:11:00,179.66,1444.1,379679,0,,,,,,
29/11/2023 06:12:00,177.88,1444.11,380353,0,,,,,,
29/11/2023 06:13:00,179.23,1444.12,381038,0,,,,,,
29/11/2023 06:14:00,180.00,1444.12,381710,0,,,,,,
29/11/2023 06:15:00,180.82,1444.11,382386,0,,,,,,
29/11/2023 06:16:00,182.81,1444.09,383074,0,,,,,,
29/11/2023 06:17:00,181.24,1444.09,383770,0,,,,,,
29/11/2023 06:18:00,183.79,1444.11,384458,0,,,,,,
29/11/2023 06:19:00,180.17,1444.11,385130,0,,,,,,
29/11/2023 06:20:00,180.05,1444.1,385800,0,,,,,,
29/11/2023 06:21:00,181.69,1444.1,386481,0,,,,,,
29/11/2023 06:22:00,180.83,1444.1,387156,0,,,,,,
29/11/2023 06:23:00,183.97,1444.1,387840,0,,,,,,
29/11/2023 06:24:00,181.61,1444.08,388523,0,,,,,,
29/11/2023 06:25:00,181.81,1444.1,389218,0,,,,,,
29/11/2023 06:26:00,181.38,1444.1,389911,0,,,,,,
29/11/2023 06:27:00,183.43,1444.1,390597,0,,,,,,
29/11/2023 06:28:00,184.27,1444.1,391280,0,,,,,,
29/11/2023 06:29:00,182.55,1444.11,391974,0,,,,,,
29/11/2023 06:30:00,179.40,1444.11,392665,0,,,,,,
29/11/2023 06:31:00,176.43,1444.1,393357,0,,,,,,
29/11/2023 06:32:00,180.09,1444.1,394041,0,,,,,,
29/11/2023 06:33:00,179.17,1444.11,394730,0,,,,,,
29/11/2023 06:34:00,181.01,1444.11,395409,0,,,,,,
29/11/2023 06:35:00,180.02,1444.11,396089,0,,,,,,
29/11/2023 06:36:00,179.67,1444.11,396763,0,,,,,,
29/11/2023 06:37:00,184.89,1444.1,397447,0,,,,,,
29/11/2023 06:38:00,183.26,1444.11,398136,0,,,,,,
29/11/2023 06:39:00,180.64,1444.1,398828,0,,,,,,
29/11/2023 06:40:00,182.14,1444.1,399510,0,,,,,,
29/11/2023 06:41:00,177.56,1444.1,400193,0,,,,,,
29/11/2023 06:42:00,178.59,1444.11,400884,0,,,,,,
29/11/2023 06:43:00,181.36,1444.1,401568,0,,,,,,
29/11/2023 06:44:00,177.80,1444.12,402261,0,,,,,,
29/11/2023 06:45:00,177.59,1444.1,402940,0,,,,,,
29/11/2023 06:46:00,181.53,1444.11,403621,0,,,,,,
29/11/2023 06:47:00,178.84,1444.09,404300,0,,,,,,
29/11/2023 06:48:00,182.70,1444.09,404987,0,,,,,,
29/11/2023 06:49:00,184.93,1444.09,405672,0,,,,,,
29/11/2023 06:50:00,182.74,1444.09,406360,0,,,,,,
29/11/2023 06:51:00,179.21,1444.07,407058,0,,,,,,
29/11/2023 06:52:00,180.17,1444.09,407745,0,,,,,,
29/11/2023 06:53:00,186.33,1444.09,408430,0,,,,,,
29/11/2023 06:54:00,183.34,1444.09,409127,0,,,,,,
29/11/2023 06:55:00,184.84,1444.07,409814,0,,,,,,
29/11/2023 06:56:00,175.62,1444.08,410516,0,,,,,,
29/11/2023 06:57:00,185.21,1444.08,411207,0,,,,,,
29/11/2023 06:58:00,180.88,1444.11,411898,0,,,,,,
29/11/2023 06:59:00,181.48,1444.07,412579,0,,,,,,
29/11/2023 07:00:00,179.93,1444.1,413269,0,,,,,,
29/11/2023 07:01:00,170.30,1444.09,413956,0,,,,,,
29/11/2023 07:02:00,172.85,1444.09,414646,0,,,,,,
29/11/2023 07:03:00,169.74,1444.08,415338,0,,,,,,
29/11/2023 07:04:00,172.22,1444.11,416031,0,,,,,,
29/11/2023 07:05:00,170.41,1444.08,416728,0,,,,,,
29/11/2023 07:06:00,173.03,1444.08,417424,0,,,,,,
29/11/2023 07:07:00,169.91,1444.09,418114,0,,,,,,
29/11/2023 07:08:00,171.31,1444.09,418806,0,,,,,,
29/11/2023 07:09:00,167.84,1444.08,419512,0,,,,,,
29/11/2023 07:10:00,169.16,1444.09,420216,0,,,,,,
29/11/2023 07:11:00,172.89,1444.07,420921,0,,,,,,
29/11/2023 07:12:00,170.54,1444.08,421624,0,,,,,,
29/11/2023 07:13:00,172.71,1444.09,422332,0,,,,,,
29/11/2023 07:14:00,169.49,1444.08,423040,0,,,,,,
29/11/2023 07:15:00,171.87,1444.08,423745,0,,,,,,
29/11/2023 07:16:00,168.25,1444.06,424455,0,,,,,,
29/11/2023 07:17:00,171.29,1444.05,425174,0,,,,,,
29/11/2023 07:18:00,171.19,1444.08,425880,0,,,,,,
29/11/2023 07:19:00,174.18,1444.09,426583,0,,,,,,
29/11/2023 07:20:00,169.40,1444.09,427274,0,,,,,,
29/11/2023 07:21:00,170.36,1444.09,427979,0,,,,,,
29/11/2023 07:22:00,168.19,1444.09,428679,0,,,,,,
29/11/2023 07:23:00,169.36,1444.08,429378,0,,,,,,
29/11/2023 07:24:00,168.89,1444.08,430068,0,,,,,,
29/11/2023 07:25:00,173.98,1444.08,430769,0,,,,,,
29/11/2023 07:26:00,169.16,1444.09,431460,0,,,,,,
29/11/2023 07:27:00,168.10,1444.09,432164,0,,,,,,
29/11/2023 07:28:00,171.51,1444.08,432858,0,,,,,,
29/11/2023 07:29:00,173.91,1444.07,433570,0,,,,,,
29/11/2023 07:30:00,175.33,1444.05,434276,0,,,,,,
29/11/2023 07:31:00,166.39,1444.09,434978,0,,,,,,
29/11/2023 07:32:00,167.04,1444.09,435690,0,,,,,,
29/11/2023 07:33:00,168.08,1444.09,436396,0,,,,,,
29/11/2023 07:34:00,171.25,1444.08,437094,0,,,,,,
29/11/2023 07:35:00,170.93,1444.08,437807,0,,,,,,
29/11/2023 07:36:00,169.75,1444.09,438503,0,,,,,,
29/11/2023 07:37:00,166.37,1444.07,439189,0,,,,,,
29/11/2023 07:38:00,169.44,1444.07,439889,0,,,,,,
29/11/2023 07:39:00,170.82,1444.08,440590,0,,,,,,
29/11/2023 07:40:00,167.43,1444.08,441291,0,,,,,,
29/11/2023 07:41:00,171.93,1444.09,441987,0,,,,,,
29/11/2023 07:42:00,170.52,1444.09,442684,0,,,,,,
29/11/2023 07:43:00,171.86,1444.08,443378,0,,,,,,
29/11/2023 07:44:00,168.59,1444.1,444072,0,,,,,,
29/11/2023 07:45:00,170.60,1444.11,444767,0,,,,,,
29/11/2023 07:46:00,168.89,1444.08,445463,0,,,,,,
29/11/2023 07:47:00,169.00,1444.07,446161,0,,,,,,
29/11/2023 07:48:00,171.42,1444.07,446854,0,,,,,,
29/11/2023 07:49:00,169.71,1444.08,447547,0,,,,,,
29/11/2023 07:50:00,169.29,1444.08,448253,0,,,,,,
29/11/2023 07:51:00,171.30,1444.07,448947,0,,,,,,
29/11/2023 07:52:00,170.97,1444.06,449650,0,,,,,,
29/11/2023 07:53:00,167.32,1444.08,450353,0,,,,,,
29/11/2023 07:54:00,167.45,1444.07,451052,0,,,,,,
29/11/2023 07:55:00,171.84,1444.08,451746,0,,,,,,
29/11/2023 07:56:00,172.32,1444.07,452439,0,,,,,,
29/11/2023 07:57:00,167.66,1444.07,453132,0,,,,,,
29/11/2023 07:58:00,171.27,1444.07,453830,0,,,,,,
29/11/2023 07:59:00,172.91,1444.07,454520,0,,,,,,
29/11/2023 08:00:00,168.57,1444.08,455220,0,,,,,,
29/11/2023 08:01:00,166.49,1444.07,455926,0,,,,,,
29/11/2023 08:02:00,170.07,1444.07,456635,0,,,,,,
29/11/2023 08:03:00,170.25,1444.07,457335,0,,,,,,
29/11/2023 08:04:00,169.99,1444.06,458042,0,,,,,,
29/11/2023 08:05:00,169.13,1444.07,458747,0,,,,,,
29/11/2023 08:06:00,167.36,1444.07,459448,0,,,,,,
29/11/2023 08:07:00,171.47,1444.08,460147,0,,,,,,
29/11/2023 08:08:00,172.55,1444.05,460851,0,,,,,,
29/11/2023 08:09:00,170.61,1444.08,461548,0,,,,,,
29/11/2023 08:10:00,171.51,1444.08,462246,0,,,,,,
29/11/2023 08:11:00,168.88,1444.09,462947,0,,,,,,
29/11/2023 08:12:00,172.99,1444.08,463637,0,,,,,,
29/11/2023 08:13:00,168.90,1444.06,464346,0,,,,,,
29/11/2023 08:14:00,165.95,1444.07,465045,0,,,,,,
29/11/2023 08:15:00,169.41,1444.05,465749,0,,,,,,
29/11/2023 08:16:00,169.58,1444.05,466459,0,,,,,,
29/11/2023 08:17:00,171.45,1444.07,467152,0,,,,,,
29/11/2023 08:18:00,167.22,1444.07,467856,0,,,,,,
29/11/2023 08:19:00,169.80,1444.06,468552,0,,,,,,
29/11/2023 08:20:00,167.14,1444.05,469257,0,,,,,,
29/11/2023 08:21:00,168.54,1444.07,469958,0,,,,,,
29/11/2023 08:22:00,169.37,1444.05,470660,0,,,,,,
29/11/2023 08:23:00,170.78,1444.07,471370,0,,,,,,
29/11/2023 08:24:00,169.74,1444.06,472072,0,,,,,,
29/11/2023 08:25:00,171.64,1444.06,472775,0,,,,,,
29/11/2023 08:26:00,170.85,1444.05,473479,0,,,,,,
29/11/2023 08:27:00,170.78,1443.9,474183,0,,,,,,
29/11/2023 08:28:00,171.03,1443.7,474685,0,,,,,,
29/11/2023 08:29:00,171.46,1443.71,475172,0,,,,,,
29/11/2023 08:30:00,168.64,1443.7,475654,0,,,,,,
29/11/2023 08:31:00,169.93,1443.69,476139,0,,,,,,
29/11/2023 08:32:00,169.69,1443.71,476624,0,,,,,,
29/11/2023 08:33:00,167.97,1443.7,477109,0,,,,,,
29/11/2023 08:34:00,168.70,1443.72,477593,0,,,,,,
29/11/2023 08:35:00,167.25,1443.7,478076,0,,,,,,
29/11/2023 08:36:00,171.28,1443.69,478567,0,,,,,,
29/11/2023 08:37:00,169.83,1443.7,479059,0,,,,,,
29/11/2023 08:38:00,166.47,1443.69,479549,0,,,,,,
29/11/2023 08:39:00,168.60,1443.69,480037,0,,,,,,
29/11/2023 08:40:00,171.95,1443.7,480528,0,,,,,,
29/11/2023 08:41:00,170.24,1443.71,481016,0,,,,,,
29/11/2023 08:42:00,167.37,1443.7,481508,0,,,,,,
29/11/2023 08:43:00,168.09,1443.67,482000,0,,,,,,
29/11/2023 08:44:00,169.57,1443.72,482488,0,,,,,,
29/11/2023 08:45:00,170.09,1443.71,482975,0,,,,,,
29/11/2023 08:46:00,167.96,1443.71,483470,0,,,,,,
29/11/2023 08:47:00,172.08,1443.71,483961,0,,,,,,
29/11/2023 08:48:00,170.80,1443.7,484451,0,,,,,,
29/11/2023 08:49:00,166.83,1443.71,484947,0,,,,,,
29/11/2023 08:50:00,170.58,1443.72,485434,0,,,,,,
29/11/2023 08:51:00,170.83,1443.69,485923,0,,,,,,
29/11/2023 08:52:00,171.82,1443.71,486418,0,,,,,,
29/11/2023 08:53:00,171.47,1443.72,486906,0,,,,,,
29/11/2023 08:54:00,170.55,1443.71,487391,0,,,,,,
29/11/2023 08:55:00,169.54,1443.71,487873,0,,,,,,
29/11/2023 08:56:00,170.02,1443.7,488361,0,,,,,,
29/11/2023 08:57:00,171.12,1443.7,488843,0,,,,,,
29/11/2023 08:58:00,172.15,1443.7,489331,0,,,,,,
29/11/2023 08:59:00,170.46,1443.7,489819,0,,,,,,
29/11/2023 09:00:00,170.43,1443.7,490311,0,,,,,,
29/11/2023 09:01:00,170.02,1443.7,490800,0,,,,,,
29/11/2023 09:02:00,171.37,1443.7,491290,0,,,,,,
29/11/2023 09:03:00,170.22,1443.7,491783,0,,,,,,
29/11/2023 09:04:00,172.65,1443.7,492276,0,,,,,,
29/11/2023 09:05:00,168.74,1443.7,492764,0,,,,,,
29/11/2023 09:06:00,166.78,1443.7,493249,0,,,,,,
29/11/2023 09:07:00,171.60,1443.7,493741,0,,,,,,
29/11/2023 09:08:00,170.94,1443.71,494230,0,,,,,,
29/11/2023 09:09:00,167.79,1443.71,494718,0,,,,,,
29/11/2023 09:10:00,167.95,1443.71,495203,0,,,,,,
29/11/2023 09:11:00,169.25,1443.71,495698,0,,,,,,
29/11/2023 09:12:00,170.12,1443.7,496186,0,,,,,,
29/11/2023 09:13:00,170.07,1443.71,496676,0,,,,,,
29/11/2023 09:14:00,165.82,1443.72,497162,0,,,,,,
29/11/2023 09:15:00,168.96,1443.72,497647,0,,,,,,
29/11/2023 09:16:00,168.66,1443.72,498131,0,,,,,,
29/11/2023 09:17:00,169.03,1443.71,498619,0,,,,,,
29/11/2023 09:18:00,172.90,1443.72,499107,0,,,,,,
29/11/2023 09:19:00,169.34,1443.7,499590,0,,,,,,
29/11/2023 09:20:00,172.38,1443.72,500075,0,,,,,,
29/11/2023 09:21:00,170.41,1443.71,500553,0,,,,,,
29/11/2023 09:22:00,169.42,1443.7,501042,0,,,,,,
29/11/2023 09:23:00,172.30,1443.72,501529,0,,,,,,
29/11/2023 09:24:00,167.28,1443.72,502015,0,,,,,,
29/11/2023 09:25:00,170.35,1443.71,502500,0,,,,,,
29/11/2023 09:26:00,170.20,1443.72,502993,0,,,,,,
29/11/2023 09:27:00,170.86,1443.7,503476,0,,,,,,
29/11/2023 09:28:00,171.31,1443.71,503961,0,,,,,,
29/11/2023 09:29:00,169.55,1443.72,504455,0,,,,,,
29/11/2023 09:30:00,166.95,1443.7,504946,0,,,,,,
29/11/2023 09:31:00,173.12,1443.69,505439,0,,,,,,
29/11/2023 09:32:00,168.88,1443.7,505928,0,,,,,,
29/11/2023 09:33:00,172.55,1443.73,506418,0,,,,,,
29/11/2023 09:34:00,168.20,1443.72,506905,0,,,,,,
29/11/2023 09:35:00,173.07,1443.72,507395,0,,,,,,
29/11/2023 09:36:00,174.40,1443.72,507883,0,,,,,,
29/11/2023 09:37:00,172.73,1443.73,508376,0,,,,,,
29/11/2023 09:38:00,170.52,1443.73,508857,0,,,,,,
29/11/2023 09:39:00,169.16,1443.73,509343,0,,,,,,
29/11/2023 09:40:00,171.50,1443.74,509829,0,,,,,,
29/11/2023 09:41:00,167.18,1443.73,510304,0,,,,,,
29/11/2023 09:42:00,170.13,1443.72,510797,0,,,,,,
29/11/2023 09:43:00,166.57,1443.74,511288,0,,,,,,
29/11/2023 09:44:00,169.01,1443.74,511775,0,,,,,,
29/11/2023 09:45:00,166.41,1443.73,512264,0,,,,,,
29/11/2023 09:46:00,169.03,1443.73,512758,0,,,,,,
29/11/2023 09:47:00,169.37,1443.74,513247,0,,,,,,
29/11/2023 09:48:00,170.47,1443.73,513737,0,,,,,,
29/11/2023 09:49:00,169.19,1443.72,514223,0,,,,,,
29/11/2023 09:50:00,172.58,1443.74,514720,0,,,,,,
29/11/2023 09:51:00,169.32,1443.73,515204,0,,,,,,
29/11/2023 09:52:00,164.72,1443.74,515688,0,,,,,,
29/11/2023 09:53:00,169.29,1443.72,516178,0,,,,,,
29/11/2023 09:54:00,169.69,1443.73,516676,0,,,,,,
29/11/2023 09:55:00,168.54,1443.73,517166,0,,,,,,
29/11/2023 09:56:00,171.45,1443.72,517666,0,,,,,,
29/11/2023 09:57:00,170.39,1443.72,518157,0,,,,,,
29/11/2023 09:58:00,169.87,1443.73,518644,0,,,,,,
29/11/2023 09:59:00,170.83,1443.73,519142,0,,,,,,
29/11/2023 10:00:00,166.44,1443.74,519639,0,,,,,,
29/11/2023 10:01:00,168.36,1443.73,520131,0,,,,,,
29/11/2023 10:02:00,171.67,1443.72,520626,0,,,,,,
29/11/2023 10:03:00,171.39,1443.73,521121,0,,,,,,
29/11/2023 10:04:00,171.47,1443.73,521608,0,,,,,,
29/11/2023 10:05:00,167.83,1443.73,522096,0,,,,,,
29/11/2023 10:06:00,169.85,1443.73,522586,0,,,,,,
29/11/2023 10:07:00,167.75,1443.73,523081,0,,,,,,
29/11/2023 10:08:00,168.19,1443.72,523571,0,,,,,,
29/11/2023 10:09:00,170.92,1443.73,524070,0,,,,,,
29/11/2023 10:10:00,168.30,1443.72,524561,0,,,,,,
29/11/2023 10:11:00,167.76,1443.73,525057,0,,,,,,
29/11/2023 10:12:00,167.12,1443.73,525545,0,,,,,,
29/11/2023 10:13:00,169.24,1443.74,526035,0,,,,,,
29/11/2023 10:14:00,171.28,1443.75,526528,0,,,,,,
29/11/2023 10:15:00,173.58,1443.73,527024,0,,,,,,
29/11/2023 10:16:00,170.81,0,527342,0,,,,,,
29/11/2023 10:17:00,173.16,,,,,,,,,
29/11/2023 10:18:00,173.03,,,,,,,,,
29/11/2023 10:19:00,170.44,,,,,,,,,
29/11/2023 10:20:00,168.15,,,,,,,,,
29/11/2023 10:21:00,165.05,,,,,,,,,
29/11/2023 10:22:00,171.74,,,,,,,,,
29/11/2023 10:23:00,169.26,,,,,,,,,
29/11/2023 10:24:00,168.82,,,,,,,,,
29/11/2023 10:25:00,172.38,,,,,,,,,
29/11/2023 10:26:00,168.20,,,,,,,,,
29/11/2023 10:27:00,170.69,,,,,,,,,
29/11/2023 10:28:00,170.32,,,,,,,,,
29/11/2023 10:29:00,174.61,,,,,,,,,
29/11/2023 10:30:00,166.53,,,,,,,,,
29/11/2023 10:31:00,173.20,,,,,,,,,
29/11/2023 10:32:00,171.85,,,,,,,,,
29/11/2023 10:33:00,166.47,,,,,,,,,
29/11/2023 10:34:00,172.40,,,,,,,,,
29/11/2023 10:35:00,165.65,,,,,,,,,
29/11/2023 10:36:00,172.91,,,,,,,,,
29/11/2023 10:37:00,170.26,,,,,,,,,
29/11/2023 10:38:00,167.15,,,,,,,,,
29/11/2023 10:39:00,164.39,,,,,,,,,
29/11/2023 10:40:00,171.21,,,,,,,,,
29/11/2023 10:41:00,169.78,,,,,,,,,
29/11/2023 10:42:00,169.64,,,,,,,,,
29/11/2023 10:43:00,168.42,,,,,,,,,
29/11/2023 10:44:00,167.88,,,,,,,,,
29/11/2023 10:45:00,170.83,,,,,,,,,
